ID,HAIL-SIZE,LAT,LONG,MEM_VAL_X,MEM_VAL_Y,MEMBERSHIP VALUES OF DATA POINT,CONVERGED_TO_PT_X,CONVERGED_TO_PT_Y,FUZZY
0,0.75,32.2,-101.5,0.0328672896321,0.112828704072,"[0.1006460433501297, 0.19394768485637337, 0.30713965984856245, 0.39826661194493446]",34.6530993064,-97.7326567148,NO
1,0.75,38.58,-92.58,0.0164235422191,0.918596446005,"[0.11891616250955228, 0.42900859943076064, 0.19513881257968368, 0.25693642548000334]",39.9373243536,-93.3681420884,NO
2,1.5,41.2,-89.68,0.131939987426,0.714106960191,"[0.284292540361816, 0.10310296997183073, 0.5370531367593556, 0.07555135290699766]",39.9373243536,-93.3681420884,NO
3,0.75,39.28,-87.4,0.396272632608,0.428918627539,"[0.26821454458435406, 0.10624719687934865, 0.3147194090114263, 0.3108188495248709]",39.9373243536,-93.3681420884,NO
4,2.5,41.78,-87.78,0.305757405501,0.508134120956,"[0.28920703606844955, 0.08969241764909612, 0.21974464177395295, 0.40135590450850134]",39.9373243536,-93.3681420884,NO
5,2.5,39.5,-90.08,0.101939859994,0.757834201674,"[0.15633407956815923, 0.321763837570052, 0.11074829871190894, 0.41115378414987974]",39.9373243536,-93.3681420884,NO
6,2.5,38.38,-88.0,0.331498204556,0.477355260807,"[0.41704785521396026, 0.11326499692960916, 0.08513465196198051, 0.38455249589445006]",39.9373243536,-93.3681420884,NO
7,1.0,37.88,-86.08,0.623191916619,0.241408236652,"[0.17752132902178633, 0.08932466204058306, 0.3097002423287517, 0.4234537666088789]",37.7794743929,-81.4448348693,NO
8,0.75,37.88,-86.0,0.635283957976,0.232902229788,"[0.0771619961328013, 0.4490614612439083, 0.16865694793342134, 0.305119594689869]",37.7794743929,-81.4448348693,NO
9,0.75,38.0,-84.58,0.827907725096,0.104501442394,"[0.4414406831508781, 0.02261741492532559, 0.35230358477487683, 0.18363831714891957]",37.7794743929,-81.4448348693,NO
10,0.75,36.5,-79.68,0.956216560746,0.0226831360018,"[0.43618590441104826, 0.1892672316965962, 0.296405467417651, 0.07814139647470442]",37.7794743929,-81.4448348693,NO
11,2.0,36.7,-79.9,0.966035249422,0.0177309520979,"[0.16873523423856496, 0.09791243024820745, 0.362178771755551, 0.3711735637576766]",37.7794743929,-81.4448348693,NO
12,3.0,38.0,-89.0,0.220947956249,0.576862500432,"[0.13965277061060097, 0.19004734230711198, 0.29443775232100833, 0.37586213476127883]",39.9373243536,-93.3681420884,NO
13,1.5,36.2,-78.78,0.923167772471,0.0389752097013,"[0.10376146782567662, 0.17521560686462245, 0.2090646290477023, 0.5119582962619986]",37.7794743929,-81.4448348693,NO
14,1.5,39.88,-86.08,0.572071377373,0.287131959308,"[0.27039581582468325, 0.2685651204630099, 0.0762248694202329, 0.3848141942920739]",37.7794743929,-81.4448348693,NO
15,1.0,35.2,-80.9,0.928895738352,0.0367002370517,"[0.4857804775436047, 0.3884043794112195, 0.000551132308365856, 0.12526401073680982]",37.7794743929,-81.4448348693,NO
16,0.75,35.28,-80.9,0.932632308463,0.0348354805973,"[0.3615557871207537, 0.4972684406254264, 0.11568615128473678, 0.025489620969083165]",37.7794743929,-81.4448348693,NO
17,1.75,33.7,-84.68,0.681689179749,0.165319737301,"[0.16656235415227, 0.5103765759857047, 0.12211559925737596, 0.20094547060464926]",37.7794743929,-81.4448348693,NO
18,0.75,38.88,-79.78,0.96201311043,0.0203798945902,"[0.11742374079270862, 0.255695877383009, 0.5670869180130597, 0.059793463811222726]",37.7794743929,-81.4448348693,NO
19,1.5,33.7,-84.4,0.704261153371,0.153189943335,"[0.5209294410188556, 0.16292280699753545, 0.22090629240257836, 0.0952414595810305]",37.7794743929,-81.4448348693,NO
20,2.0,33.88,-82.28,0.833791889886,0.0845629146629,"[0.13764320292809612, 0.3620504444512777, 0.1585056943540124, 0.3418006582666137]",37.7794743929,-81.4448348693,NO
21,2.0,39.7,-93.18,0.000358048044389,0.998075323777,"[0.21750249044765285, 0.21732637928281853, 0.49310244747409043, 0.07206868279543815]",39.9373243536,-93.3681420884,NO
22,1.5,39.58,-93.28,0.000686879664321,0.996153180303,"[0.21581436172804042, 0.3294332344082694, 0.42945039804153873, 0.025302005822151537]",39.9373243536,-93.3681420884,NO
23,1.75,39.7,-94.78,0.0111391619274,0.903732231693,"[0.351619319786025, 0.08974368515764222, 0.27281181744315025, 0.2858251776131825]",39.9373243536,-93.3681420884,NO
24,1.0,39.78,-94.0,0.00308530563837,0.97905511948,"[0.3776786152612813, 0.03700037770935824, 0.08666534682983527, 0.49865566019952523]",39.9373243536,-93.3681420884,NO
25,0.75,38.28,-96.18,0.0260956985317,0.520541219013,"[0.02885618984106433, 0.2784061635862459, 0.3130924561419298, 0.37964519043076006]",39.9373243536,-93.3681420884,NO
26,3.0,39.38,-94.28,0.00696468465538,0.94579927084,"[0.12127575644400751, 0.2807527899864236, 0.2527499998890766, 0.3452214536804922]",39.9373243536,-93.3681420884,NO
27,1.0,36.28,-96.5,0.0145670285797,0.143334294366,"[0.22964688781071424, 0.1668589095297257, 0.22750122209381168, 0.3759929805657483]",34.6530993064,-97.7326567148,NO
28,1.0,36.28,-95.9,0.0203419835529,0.217136912619,"[0.21431999416784156, 0.11219352623978379, 0.2819061707916358, 0.39158030880073885]",34.6530993064,-97.7326567148,NO
29,0.75,37.2,-98.0,0.0172334461431,0.161317842937,"[0.051615965438215734, 0.2715025354073747, 0.27210229219953697, 0.4047792069548726]",34.6530993064,-97.7326567148,NO
30,1.75,31.7,-97.28,0.0259075422194,0.0900295647379,"[0.4849336223793051, 0.2393184943631799, 0.12534677113960013, 0.1504011121179148]",34.6530993064,-97.7326567148,NO
31,0.75,28.7,-82.0,0.571193615593,0.187101049136,"[0.23646908714239165, 0.20930784847886097, 0.5049473332175083, 0.049275731161239074]",37.7794743929,-81.4448348693,NO
32,0.75,34.58,-87.0,0.476885139802,0.290950719355,"[0.08677870672252214, 0.18442936245365601, 0.4653417454710325, 0.2634501853527894]",37.7794743929,-81.4448348693,NO
33,2.0,34.7,-86.9,0.490017479402,0.285496761181,"[0.31897101996058574, 0.24377805946293515, 0.24234235507536403, 0.19490856550111502]",37.7794743929,-81.4448348693,NO
34,1.75,33.0,-90.08,0.214485379833,0.362808314913,"[0.2889374328284308, 0.00864210869698109, 0.3235981554765289, 0.3788223029980592]",39.9373243536,-93.3681420884,NO
35,0.75,32.58,-96.78,0.017579473744,0.0704252982714,"[0.34753083167051746, 0.26271352959473315, 0.06232866246566185, 0.32742697626908746]",34.6530993064,-97.7326567148,NO
36,1.75,29.68,-96.5,0.0619200404097,0.15833488698,"[0.24872291665180746, 0.24511390876896352, 0.1485320707138451, 0.35763110386538394]",34.6530993064,-97.7326567148,NO
37,2.0,29.0,-96.68,0.0705234028129,0.16798304354,"[0.19278768150889378, 0.3400150381852407, 0.018738943664200133, 0.4484583366416654]",34.6530993064,-97.7326567148,NO
38,1.5,32.7,-83.58,0.703346634863,0.146819415181,"[0.476526277363151, 0.012460796561888842, 0.23515460521984505, 0.275858320855115]",37.7794743929,-81.4448348693,NO
39,1.0,35.5,-95.5,0.0214285435979,0.180334306374,"[0.2404292440620682, 0.29682536917671143, 0.23423310803145647, 0.22851227872976398]",34.6530993064,-97.7326567148,NO
40,0.75,34.0,-93.9,0.0552458720562,0.267589587232,"[0.20843335189206735, 0.3437283942571535, 0.18593621833365748, 0.2619020355171217]",34.6530993064,-97.7326567148,NO
41,0.75,34.08,-93.68,0.0602869640932,0.291211291804,"[0.4391058880645083, 0.26798097764634704, 0.01435197976052077, 0.27856115452862396]",34.6530993064,-97.7326567148,NO
42,0.75,33.7,-97.5,0.0034783801713,0.0170783452971,"[0.015434634069245981, 0.28692241139187896, 0.23226807900211233, 0.4653748755367627]",34.6530993064,-97.7326567148,NO
43,1.0,33.58,-97.78,0.00396232144414,0.0188441214918,"[0.08696165017226434, 0.3164720206906329, 0.29394355705166225, 0.3026227720854404]",34.6530993064,-97.7326567148,NO
44,0.75,35.58,-91.4,0.113490617357,0.533960439099,"[0.32802776757040597, 0.3529475691326048, 0.09719063062274318, 0.22183403267424598]",39.9373243536,-93.3681420884,NO
45,0.75,35.7,-91.28,0.116204774977,0.545133208125,"[0.3733483593531583, 0.17678688125136247, 0.3920957255128767, 0.05776903388260243]",39.9373243536,-93.3681420884,NO
46,1.5,35.58,-91.28,0.118479929074,0.533462109721,"[0.22656729668591258, 0.4381380682431913, 0.07252576099678631, 0.26276887407410976]",39.9373243536,-93.3681420884,NO
47,0.75,35.5,-90.4,0.164482306846,0.510067142559,"[0.3340181804621896, 0.2648395017348511, 0.27192353819130444, 0.12921877961165493]",39.9373243536,-93.3681420884,NO
48,0.75,31.78,-97.0,0.0263949148108,0.092468666765,"[0.31289260826409365, 0.2944865128302699, 0.3835805431870148, 0.00904033571862168]",34.6530993064,-97.7326567148,NO
49,0.75,34.5,-92.28,0.0971562410364,0.415095708979,"[0.33776110195540215, 0.29397628340112525, 0.09267166157897391, 0.27559095306449866]",34.6530993064,-97.7326567148,NO
50,1.0,33.7,-96.68,0.00776447768478,0.0388803238479,"[0.035060202631953946, 0.1688453358361675, 0.2568572228484235, 0.5392372386834551]",34.6530993064,-97.7326567148,NO
51,1.5,33.38,-96.9,0.00851432065293,0.0397804309532,"[0.10481116024651634, 0.39351384772777853, 0.3139541318552815, 0.18772086017042372]",34.6530993064,-97.7326567148,NO
52,0.75,33.2,-95.0,0.0358601768047,0.154354452516,"[0.06065716197475906, 0.15951745740819637, 0.6383489853585393, 0.1414763952585052]",34.6530993064,-97.7326567148,NO
53,1.0,34.2,-92.0,0.110270304496,0.403486740999,"[0.25790066760286834, 0.2208918102606148, 0.24527540153604646, 0.2759321206004704]",34.6530993064,-97.7326567148,NO
54,2.0,33.7,-93.58,0.0654957588289,0.28025997735,"[0.38132873159228076, 0.14295258904452726, 0.28098863844272626, 0.1947300409204658]",34.6530993064,-97.7326567148,NO
55,1.0,33.5,-95.0,0.0335400786762,0.155273905113,"[0.09273676154163676, 0.33610038830450495, 0.3342982206124747, 0.23686462954138354]",34.6530993064,-97.7326567148,NO
56,1.0,34.0,-98.5,0.00316791822433,0.0156769144232,"[0.07019701980502138, 0.21392726896585787, 0.6251163834945666, 0.09075932773455406]",34.6530993064,-97.7326567148,NO
57,1.5,34.38,-79.0,0.869098573529,0.0645375387492,"[0.527139760466326, 0.09658341860626668, 0.1583805866355053, 0.217896234291902]",37.7794743929,-81.4448348693,NO
58,1.0,33.7,-87.58,0.405715412878,0.312028406561,"[0.10927650509207408, 0.19623030499559294, 0.1359634457003612, 0.5585297442119718]",37.7794743929,-81.4448348693,NO
59,1.75,33.38,-87.0,0.455576694272,0.280537247003,"[0.22962501265089388, 0.5102619459934902, 0.04716820098775788, 0.21294484036785807]",37.7794743929,-81.4448348693,NO
60,2.75,32.78,-86.68,0.471266582993,0.263204554231,"[0.49196094623595327, 0.3235471671776059, 0.08561965832452754, 0.09887222826191337]",37.7794743929,-81.4448348693,NO
61,0.75,33.0,-85.9,0.545917289186,0.22941422672,"[0.42119868778246705, 0.1620789814039102, 0.36395881053072277, 0.052763520282899844]",37.7794743929,-81.4448348693,NO
62,2.0,33.2,-84.18,0.693539456623,0.155228526204,"[0.23404920445970787, 0.2910428756046503, 0.2766470381135188, 0.19826088182212295]",37.7794743929,-81.4448348693,NO
63,1.0,35.08,-81.08,0.923036277849,0.0397336201522,"[0.16025549423262514, 0.27618414413795833, 0.2014273575925864, 0.3621330040368301]",37.7794743929,-81.4448348693,NO
64,0.75,31.28,-92.78,0.113623690904,0.261420965999,"[0.2237451746472036, 0.41652054847632436, 0.1456698078111999, 0.21406446906527216]",34.6530993064,-97.7326567148,NO
65,0.75,30.5,-99.78,0.0401594119319,0.120225614032,"[0.3330986295713415, 0.2960926460602738, 0.32445392980362997, 0.046354794564754685]",34.6530993064,-97.7326567148,NO
66,2.0,35.58,-81.4,0.945458388717,0.0286578301582,"[0.38100660582387086, 0.1723940868154791, 0.19559923352955796, 0.25100007383109213]",37.7794743929,-81.4448348693,NO
67,0.75,32.08,-98.28,0.0189122945831,0.0697281081333,"[0.14242194925418886, 0.2914357829496004, 0.24451463898098189, 0.3216276288152288]",34.6530993064,-97.7326567148,NO
68,1.0,30.28,-97.68,0.0444934321226,0.127772189363,"[0.09551550392637444, 0.3255882509659706, 0.23233293575197453, 0.34656330935568047]",34.6530993064,-97.7326567148,NO
69,2.0,33.2,-86.58,0.490620670656,0.259970901414,"[0.1097165344158928, 0.3195543289165804, 0.2708566430577857, 0.29987249360974133]",37.7794743929,-81.4448348693,NO
70,0.75,37.2,-91.0,0.0938697304996,0.690516661124,"[0.42296414009182065, 0.2606175551788601, 0.27916206743943595, 0.037256237289883386]",39.9373243536,-93.3681420884,NO
71,0.75,41.7,-79.5,0.84639429276,0.0832149495721,"[0.022100191416880667, 0.3491939095872315, 0.40251299912838107, 0.2261928998675069]",37.7794743929,-81.4448348693,NO
72,2.5,41.38,-86.9,0.413250432854,0.412180020637,"[0.043052147031568906, 0.39571163268128035, 0.3077198173896658, 0.2535164028974849]",37.7794743929,-81.4448348693,NO
73,3.0,42.38,-91.0,0.078837763225,0.778230693965,"[0.19229636236880543, 0.2518357400214134, 0.4716815687765546, 0.08418632883322658]",39.9373243536,-93.3681420884,NO
74,1.75,37.88,-91.78,0.0477362786366,0.80684171551,"[0.06354374321384741, 0.3509637503115615, 0.5484586928331681, 0.03703381364142293]",39.9373243536,-93.3681420884,NO
75,2.0,41.58,-86.68,0.434421731748,0.392535950366,"[0.3196338183428647, 0.24658482589538505, 0.23455153967038053, 0.19922981609136975]",37.7794743929,-81.4448348693,NO
76,0.75,41.7,-86.0,0.510821608499,0.3286634116,"[0.2600110396538948, 0.33123643840568456, 0.39226183556544125, 0.016490686374979448]",37.7794743929,-81.4448348693,NO
77,1.5,34.7,-96.78,0.00370167740049,0.0232168125135,"[0.27389953617899937, 0.3202373187074738, 0.33484748679120524, 0.07101565832232141]",34.6530993064,-97.7326567148,NO
78,2.75,35.2,-95.4,0.0220958507737,0.168702334563,"[0.032341929958434795, 0.5157911962222685, 0.08138605292446534, 0.3704808208948313]",34.6530993064,-97.7326567148,NO
79,1.0,35.28,-95.58,0.0194662373286,0.151788295995,"[0.38193318651172925, 0.24531721210672244, 0.14101740578326566, 0.23173219559828254]",34.6530993064,-97.7326567148,NO
80,1.0,32.5,-94.68,0.0492876021118,0.177426826282,"[0.2131644635967941, 0.3096914352510052, 0.26664608330375694, 0.21049801784844374]",34.6530993064,-97.7326567148,NO
81,1.75,33.08,-93.9,0.0620156043387,0.235686417861,"[0.1849376565863561, 0.031017285039301113, 0.6153322109751586, 0.16871284739918443]",34.6530993064,-97.7326567148,NO
82,2.75,32.88,-93.68,0.0696570524362,0.246091045668,"[0.05555856656752574, 0.3057223940749186, 0.3811415470012441, 0.2575774923563116]",34.6530993064,-97.7326567148,NO
83,1.75,32.7,-93.28,0.0826897868192,0.265996744755,"[0.5947367524422321, 0.0009641144604285153, 0.31593270153160524, 0.08836643156573407]",34.6530993064,-97.7326567148,NO
84,1.75,37.08,-89.58,0.187701249437,0.579876219431,"[0.2743599456055773, 0.3536224045954346, 0.16625235647145367, 0.2057652933275344]",39.9373243536,-93.3681420884,NO
85,1.0,32.78,-98.9,0.0131219977761,0.0528767368349,"[0.137860353461142, 0.23656635658166336, 0.21266129614762955, 0.4129119938095651]",34.6530993064,-97.7326567148,NO
86,0.75,33.2,-98.5,0.00803894680185,0.0349589785328,"[0.28182894874415865, 0.19737530681316712, 0.08234900472001841, 0.4384467397226558]",34.6530993064,-97.7326567148,NO
87,1.0,37.28,-96.68,0.0215600443366,0.274672832147,"[0.30067708141589067, 0.11164049073581722, 0.31821170701364215, 0.26947072083464985]",34.6530993064,-97.7326567148,NO
88,2.0,33.08,-98.58,0.00929005402518,0.0395445797485,"[0.2720868509877065, 0.08837132408916917, 0.3822417118132389, 0.2573001131098853]",34.6530993064,-97.7326567148,NO
89,2.75,39.0,-94.5,0.0117087414741,0.896346523351,"[0.28845984035942546, 0.15962744156344172, 0.1855189763349379, 0.3663937417421949]",39.9373243536,-93.3681420884,NO
90,2.0,39.38,-92.78,0.00394332449537,0.980626077507,"[0.6066052726207031, 0.08384832739278432, 0.13634324146965338, 0.1732031585168591]",39.9373243536,-93.3681420884,NO
91,1.0,40.88,-94.18,0.0095606053602,0.939061880596,"[0.4161535375478299, 0.07113061232928083, 0.04978433759870247, 0.46293151252418674]",39.9373243536,-93.3681420884,NO
92,0.75,38.78,-94.28,0.0119504614357,0.897989737461,"[0.4500232098551582, 0.3255241322290498, 0.20820671454036763, 0.016245943375424364]",39.9373243536,-93.3681420884,NO
93,1.75,39.0,-91.58,0.0316847778904,0.887486145757,"[0.16624229990469516, 0.31540665280804187, 0.20646006182824486, 0.3118909854590181]",39.9373243536,-93.3681420884,NO
94,1.5,35.0,-92.28,0.0913235345594,0.459427962284,"[0.3207277293428384, 0.358535626064599, 0.18297646238034032, 0.1377601822122223]",39.9373243536,-93.3681420884,NO
95,2.75,34.88,-81.28,0.911852293621,0.0454360185825,"[0.35498173987940596, 0.27431159871929767, 0.2925596395810689, 0.07814702182022744]",37.7794743929,-81.4448348693,NO
96,2.5,35.0,-80.9,0.919256716106,0.0414823077247,"[0.2251197031976099, 0.2093950609749166, 0.011771857645851985, 0.5537133781816215]",37.7794743929,-81.4448348693,NO
97,0.75,32.5,-85.0,0.599190065377,0.197650845641,"[0.4274252009431712, 0.28094822203240344, 0.25184567551327725, 0.03978090151114806]",37.7794743929,-81.4448348693,NO
98,2.75,34.5,-82.0,0.879154335684,0.0623685013861,"[0.5014824655079306, 0.006918154960660438, 0.34058721965046, 0.1510121598809488]",37.7794743929,-81.4448348693,NO
99,4.0,35.0,-81.0,0.919213500867,0.0415726274276,"[0.16845728449515576, 0.1780551651440395, 0.5985538749123154, 0.05493367544848923]",37.7794743929,-81.4448348693,NO
100,0.75,37.7,-76.4,0.851177555944,0.0739023399701,"[0.3400577461160311, 0.3577335117073589, 0.17201572316970665, 0.13019301900690333]",37.7794743929,-81.4448348693,NO
101,2.75,35.88,-78.78,0.915341456664,0.0427262665231,"[0.3849434789505854, 0.09025907223234803, 0.43260377886191603, 0.09219366995515053]",37.7794743929,-81.4448348693,NO
102,0.75,35.28,-99.0,0.00574733678988,0.033655669218,"[0.1599562150663269, 0.46358164259754064, 0.3479148288897172, 0.028547313446415243]",34.6530993064,-97.7326567148,NO
103,1.0,42.38,-96.4,0.0390980978477,0.606773123976,"[0.1453375307481674, 0.4528428960661413, 0.1019202302440833, 0.299899342941608]",39.9373243536,-93.3681420884,NO
104,1.75,33.38,-97.08,0.0074322575114,0.0346448744601,"[0.21940519655243965, 0.34320327205857815, 0.23459618966310833, 0.2027953417258738]",34.6530993064,-97.7326567148,NO
105,2.0,43.58,-95.9,0.0498598968476,0.595481062154,"[0.07291055069514607, 0.4395978925155397, 0.42460526746871197, 0.06288628932060215]",39.9373243536,-93.3681420884,NO
106,2.0,43.7,-95.78,0.0513083800664,0.599137656536,"[0.11199787066624844, 0.2762709261952006, 0.23875970742327085, 0.37297149571528004]",39.9373243536,-93.3681420884,NO
107,0.75,35.38,-97.4,0.0023809391046,0.0166971676845,"[0.025649265823732996, 0.26934503996587345, 0.5299180667415839, 0.1750876274688097]",34.6530993064,-97.7326567148,NO
108,2.0,26.1,-80.18,0.521566754503,0.198710001546,"[0.5187302772608984, 0.10567703581646373, 0.0071983130980605645, 0.36839437382457735]",37.7794743929,-81.4448348693,NO
109,1.0,36.5,-100.08,0.018041261869,0.10964014972,"[0.5449747361675763, 0.1791406593004818, 0.25758787620729207, 0.01829672832464986]",34.6530993064,-97.7326567148,NO
110,1.75,45.58,-89.08,0.219711672747,0.524189091729,"[0.2518120198430197, 0.22044789023921568, 0.2576593993611876, 0.27008069055657685]",39.9373243536,-93.3681420884,NO
111,0.75,43.2,-90.18,0.132181913803,0.680031869641,"[0.2134067843852682, 0.506852103775813, 0.20610222577238782, 0.07363888606653092]",39.9373243536,-93.3681420884,NO
112,1.0,46.08,-88.58,0.246503353462,0.489580310576,"[0.049565743216260824, 0.4528707250875524, 0.13130432907712014, 0.36625920261906675]",39.9373243536,-93.3681420884,NO
113,1.5,42.2,-73.4,0.698625505453,0.145996663603,"[0.4259589094607837, 0.005690249454166064, 0.24059105418602153, 0.3277597868990287]",37.7794743929,-81.4448348693,NO
114,1.0,43.0,-91.78,0.0687278644813,0.774862509494,"[0.19213298286926012, 0.3859367292213219, 0.06945665381198579, 0.3524736340974323]",39.9373243536,-93.3681420884,NO
115,1.0,38.5,-93.68,0.0126131341171,0.908584507609,"[0.4552981583947896, 0.14503909587403155, 0.2165970480558743, 0.1830656976753045]",39.9373243536,-93.3681420884,NO
116,2.0,36.7,-97.08,0.0146559135314,0.14718544979,"[0.2801560047094481, 0.20809854541256423, 0.25488377259137684, 0.2568616772866108]",34.6530993064,-97.7326567148,NO
117,1.75,37.08,-94.68,0.0310180800373,0.555708698943,"[0.16511340352154552, 0.4094945313729982, 0.005900127496632654, 0.41949193760882353]",39.9373243536,-93.3681420884,NO
118,0.75,33.38,-82.0,0.811543710133,0.0941465141896,"[0.28469974488754857, 0.2756345326014079, 0.15958010878061676, 0.2800856137304268]",37.7794743929,-81.4448348693,NO
119,0.75,33.0,-85.0,0.621760242577,0.190793410519,"[0.07267738846331341, 0.3953637497940313, 0.39456682068081683, 0.1373920410618383]",37.7794743929,-81.4448348693,NO
120,2.0,31.5,-83.18,0.657731337536,0.162078470696,"[0.12270205671548988, 0.2319668655123083, 0.27305229319120905, 0.3722787845809928]",37.7794743929,-81.4448348693,NO
121,0.75,36.0,-102.58,0.0278688737581,0.123947883908,"[0.3312781382954031, 0.08966648023131601, 0.578889972042204, 0.0001654094310768317]",34.6530993064,-97.7326567148,NO
122,0.75,36.78,-100.5,0.0209833397175,0.12431065573,"[0.006606663312264927, 0.350843035280061, 0.3972348959834857, 0.24531540542418825]",34.6530993064,-97.7326567148,NO
123,0.75,32.7,-96.9,0.0153197921162,0.0627997508309,"[0.477039579938552, 0.14913151728727106, 0.2785961630355518, 0.09523273973862521]",34.6530993064,-97.7326567148,NO
124,0.75,32.78,-97.08,0.0133146215486,0.0554076507319,"[0.39676875385068217, 0.3515640669227373, 0.10074830807379902, 0.15091887115278152]",34.6530993064,-97.7326567148,NO
125,1.0,32.58,-95.18,0.0384962401232,0.146014025422,"[0.05571963047245262, 0.5919916135156897, 0.26915920840318885, 0.08312954760866885]",34.6530993064,-97.7326567148,NO
126,0.75,30.08,-101.9,0.0508058950777,0.142766195976,"[0.028611416753946562, 0.4421439101854033, 0.28676685897895593, 0.24247781408169425]",34.6530993064,-97.7326567148,NO
127,1.0,32.38,-95.28,0.0389928641109,0.1428410111,"[0.1926299445868858, 0.1877023933571884, 0.4809362107380927, 0.13873145131783307]",34.6530993064,-97.7326567148,NO
128,1.25,38.28,-101.78,0.0214683489188,0.119347636782,"[0.40536131108727114, 0.11884180247016819, 0.20262782435055268, 0.2731690620920081]",41.9659367689,-103.421060431,NO
129,0.75,41.88,-103.58,0.000112336268715,0.000519907303708,"[0.09522694194522653, 0.21555779428271424, 0.29486358681483577, 0.3943516769572235]",41.9659367689,-103.421060431,NO
130,2.75,38.0,-100.68,0.0235684148686,0.150403673799,"[0.09204782387808616, 0.5395976745541777, 0.019436073695112976, 0.3489184278726232]",34.6530993064,-97.7326567148,NO
131,1.5,32.38,-99.68,0.0204964519217,0.0764323012664,"[0.48026195145737777, 0.1424579104310939, 0.3551161546669537, 0.022163983444574695]",34.6530993064,-97.7326567148,NO
132,1.0,41.0,-98.68,0.0310137068668,0.316291284533,"[0.2550290221757673, 0.32767055713675936, 0.21302785135501162, 0.2042725693324617]",41.9659367689,-103.421060431,NO
133,2.75,34.28,-98.08,0.000869637637339,0.0046311208697,"[0.2202632212013343, 0.3835431164172647, 0.1564788747921673, 0.23971478758923387]",34.6530993064,-97.7326567148,NO
134,2.75,34.38,-98.0,0.000491728916811,0.00268056988679,"[0.14208664215139089, 0.22267764856271158, 0.11123385389799413, 0.5240018553879033]",34.6530993064,-97.7326567148,NO
135,1.5,43.58,-88.68,0.227008752827,0.561975002302,"[0.1551281249158157, 0.40749363060709437, 0.4049575644924018, 0.03242067998468813]",39.9373243536,-93.3681420884,NO
136,0.75,44.58,-117.5,0.0800535905308,0.177527842266,"[0.30655440149437313, 0.02821905857036008, 0.3272030803531317, 0.338023459582135]",41.9659367689,-103.421060431,NO
137,0.75,36.88,-106.3,0.0328980421878,0.114410617474,"[0.035207884750106534, 0.5039216734502867, 0.21783374352950008, 0.2430366982701067]",41.9659367689,-103.421060431,NO
138,0.75,42.08,-102.9,0.000458600478947,0.00226774493441,"[0.38565235779509016, 0.23714947080812765, 0.3295921180029772, 0.04760605339380493]",41.9659367689,-103.421060431,NO
139,1.0,36.08,-97.9,0.00676338339892,0.0519121673286,"[0.08239175621059111, 0.32420227497517223, 0.28682013614124, 0.3065858326729966]",34.6530993064,-97.7326567148,NO
140,1.5,37.7,-97.4,0.0222990600796,0.262753230636,"[0.09622687612705906, 0.2923341623776072, 0.31643445899421024, 0.2950045025011235]",34.6530993064,-97.7326567148,NO
141,0.75,30.38,-81.68,0.652468450705,0.158816011929,"[0.09336014702844662, 0.01528386606259588, 0.4585499320254001, 0.4328060548835573]",37.7794743929,-81.4448348693,NO
142,1.0,35.88,-97.4,0.00576227117021,0.0452599280566,"[0.40191442937329436, 0.38775102147473844, 0.0015090839667579112, 0.20882546518520928]",34.6530993064,-97.7326567148,NO
143,1.25,35.78,-96.4,0.0115559529775,0.0993270925827,"[0.17099679464246803, 0.3856299254584743, 0.4082565773120312, 0.035116702587026496]",34.6530993064,-97.7326567148,NO
144,1.75,44.0,-102.58,0.00890247485169,0.0420107695324,"[0.12641046740174924, 0.24381813686275214, 0.48426678399623474, 0.1455046117392639]",41.9659367689,-103.421060431,NO
145,1.5,31.5,-83.5,0.642757180657,0.169201299367,"[0.43873837979160346, 0.04856616431556948, 0.45950542447971154, 0.053190031413115416]",37.7794743929,-81.4448348693,NO
146,0.75,37.58,-97.28,0.021682999682,0.256799005205,"[0.2514963507655046, 0.669407261477375, 0.06324180791900326, 0.01585457983811726]",34.6530993064,-97.7326567148,NO
147,2.75,34.7,-100.5,0.0163208981751,0.0772688181167,"[0.2887166737896058, 0.10473673440989928, 0.2778181222463429, 0.328728469554152]",34.6530993064,-97.7326567148,NO
148,1.5,39.58,-103.18,0.0101605680613,0.0495171360282,"[0.2602331539884664, 0.04649782468793882, 0.4397539460890197, 0.25351507523457506]",41.9659367689,-103.421060431,NO
149,1.0,39.08,-84.68,0.791329366834,0.130176376181,"[0.16592676114654997, 0.019982971662830844, 0.31346990400000996, 0.5006203631906092]",37.7794743929,-81.4448348693,NO
150,2.5,34.0,-98.9,0.00522192782389,0.0252435913919,"[0.28647803665936605, 0.20521880547821456, 0.29016497831765903, 0.21813817954476036]",34.6530993064,-97.7326567148,NO
151,2.0,39.78,-96.08,0.0246857849978,0.69519342107,"[0.056325062368903625, 0.28365724190796954, 0.3262625028088388, 0.3337551929142881]",39.9373243536,-93.3681420884,NO
152,0.75,40.78,-95.4,0.0207904800521,0.814548864912,"[0.26731782689338646, 0.0672869423539582, 0.20666050026446678, 0.45873473048818864]",39.9373243536,-93.3681420884,NO
153,0.75,31.9,-95.78,0.0371974217165,0.127808201618,"[0.1485788368515098, 0.2874357220542151, 0.28679760825122813, 0.2771878328430471]",34.6530993064,-97.7326567148,NO
154,1.0,39.08,-94.68,0.0128279012798,0.881251428128,"[0.24402804648078785, 0.08849971404609122, 0.23247123490263508, 0.43500100457048585]",39.9373243536,-93.3681420884,NO
155,1.0,42.58,-96.4,0.0406696338709,0.596975623107,"[0.4045389660130064, 0.2726630890253033, 0.2051229417250564, 0.11767500323663377]",39.9373243536,-93.3681420884,NO
156,1.5,41.2,-89.5,0.145438138725,0.695391680788,"[0.3636427639185383, 0.4436468866903042, 0.10903362155151948, 0.0836767278396381]",39.9373243536,-93.3681420884,NO
157,2.0,39.2,-94.0,0.00585706172963,0.95719150806,"[0.3463295366454782, 0.11225283912093877, 0.18831814686745213, 0.35309947736613084]",39.9373243536,-93.3681420884,NO
158,1.75,43.7,-103.4,0.005519195503,0.0245256221933,"[0.31472170603179517, 0.5489579749928926, 0.04654934122145517, 0.08977097775385716]",41.9659367689,-103.421060431,NO
159,4.5,37.58,-99.28,0.0212573413398,0.164663885031,"[0.3392011590293339, 0.3018571047156502, 0.12280711939231895, 0.2361346168626969]",34.6530993064,-97.7326567148,NO
160,1.75,35.38,-98.78,0.00483819935173,0.0294424388326,"[0.08850861909157148, 0.06546197665125447, 0.1906742746361437, 0.6553551296210304]",34.6530993064,-97.7326567148,NO
161,0.75,36.08,-97.08,0.00879052265139,0.0755241223219,"[0.6391110250146786, 0.04484365505098676, 0.025473095831012833, 0.2905722241033218]",34.6530993064,-97.7326567148,NO
162,1.0,40.38,-105.08,0.00868607179718,0.0353695346637,"[0.1949793901691619, 0.04944490428577458, 0.279656666006664, 0.47591903953839954]",41.9659367689,-103.421060431,NO
163,1.0,42.78,-102.18,0.00427748400473,0.0223464913386,"[0.002829618974537542, 0.5538573947747201, 0.23035554632111377, 0.21295743992962857]",41.9659367689,-103.421060431,NO
164,0.75,33.5,-101.0,0.0227538139903,0.0911658474478,"[0.030456347786147475, 0.5429283229645627, 0.2475419327759902, 0.1790733964732996]",34.6530993064,-97.7326567148,NO
165,1.25,38.2,-99.08,0.024359468711,0.209148412623,"[0.15829106583205874, 0.1297266249602576, 0.2395848430869995, 0.4723974661206842]",34.6530993064,-97.7326567148,NO
166,1.75,34.28,-99.08,0.00556844484994,0.0277712547918,"[0.21089455039113936, 0.37773119799716376, 0.39519363387141654, 0.01618061774028037]",34.6530993064,-97.7326567148,NO
167,0.75,36.08,-99.78,0.0143609764696,0.0862451511443,"[0.038953713655839266, 0.34928102858566334, 0.3737962169528566, 0.23796904080564082]",34.6530993064,-97.7326567148,NO
168,1.75,33.58,-98.9,0.00720108465063,0.032646251558,"[0.5431914904968322, 0.17284644385327044, 0.17741579654803075, 0.10654626910186661]",34.6530993064,-97.7326567148,NO
169,4.0,37.88,-99.4,0.0229623226425,0.179587643019,"[0.17532722333618722, 0.2303027927406016, 0.25993576897665793, 0.3344342149465533]",34.6530993064,-97.7326567148,NO
170,1.75,34.38,-99.0,0.004861585534,0.0247575065742,"[0.44172063054070626, 0.3722427951664914, 0.13728596516986635, 0.048750609122936]",34.6530993064,-97.7326567148,NO
171,2.75,39.78,-98.0,0.0307214842939,0.386705933766,"[0.059592189183448135, 0.3899818096431881, 0.23290604538273801, 0.3175199557906258]",39.9373243536,-93.3681420884,NO
172,0.75,47.28,-88.28,0.262379483178,0.45198895797,"[0.24854020311371938, 0.26986958786512527, 0.25517694236779725, 0.22641326665335815]",39.9373243536,-93.3681420884,NO
173,2.0,39.28,-93.58,0.00300275474792,0.980967642325,"[0.3439062865832632, 0.0737436146521346, 0.3679537944218118, 0.21439630434279033]",39.9373243536,-93.3681420884,NO
174,1.75,33.58,-97.08,0.00585911783674,0.0284185613438,"[0.4005284736632199, 0.012611035295232715, 0.1081653751692002, 0.4786951158723471]",34.6530993064,-97.7326567148,NO
175,1.75,30.08,-96.4,0.0567749060534,0.152021007815,"[0.12273801073352109, 0.4311391963604992, 0.18810095091809176, 0.25802184198788797]",34.6530993064,-97.7326567148,NO
176,0.75,37.2,-94.5,0.0308183928198,0.606255867942,"[0.09223550718078913, 0.4105552195232908, 0.20799087906539368, 0.2892183942305263]",39.9373243536,-93.3681420884,NO
177,1.0,37.08,-93.28,0.0393542630928,0.701249639122,"[0.11696862472518213, 0.1255759694840947, 0.010707088359595033, 0.746748317431128]",39.9373243536,-93.3681420884,NO
178,0.75,35.28,-87.28,0.452501323524,0.319800407405,"[0.13434894320930724, 0.32736391011867866, 0.35175544272121045, 0.18653170395080365]",37.7794743929,-81.4448348693,NO
179,1.0,36.08,-86.68,0.535410240731,0.280803530712,"[0.2035243535701852, 0.3347632628400585, 0.3119376382232074, 0.14977474536654886]",37.7794743929,-81.4448348693,NO
180,1.0,43.2,-76.78,0.740501394632,0.132801503595,"[3.927861770645012e-05, 0.7209821453517383, 0.17208696864752468, 0.10689160738303062]",37.7794743929,-81.4448348693,NO
181,2.75,32.28,-98.9,0.017939927457,0.0673904616194,"[0.0991006907063935, 0.2982162935185322, 0.18802225131666736, 0.41466076445840694]",34.6530993064,-97.7326567148,NO
182,1.0,40.2,-100.18,0.0219976711403,0.165678533555,"[0.25029381221823904, 0.015964659248676873, 0.5259062727619793, 0.20783525577110473]",41.9659367689,-103.421060431,NO
183,0.75,37.08,-76.28,0.844847029418,0.0764293613222,"[0.38021617423605963, 0.1763245168624089, 0.3035032058655648, 0.1399561030359666]",37.7794743929,-81.4448348693,NO
184,1.25,40.08,-76.78,0.838124843675,0.0823497565986,"[0.10444599089004632, 0.2440211772606393, 0.23910732852921904, 0.41242550332009525]",37.7794743929,-81.4448348693,NO
185,1.0,37.08,-107.8,0.0374688022187,0.119513956716,"[0.3741816208065865, 0.09683399646287458, 0.1481269401029913, 0.3808574426275475]",41.9659367689,-103.421060431,NO
186,3.0,34.2,-111.3,0.0632534992748,0.16063488809,"[0.10943814508378194, 0.3667391386355661, 0.3745091598581917, 0.14931355642246025]",41.9659367689,-103.421060431,NO
187,0.75,45.78,-108.5,0.0373795795915,0.112105780725,"[0.3523534667435121, 0.2826500335298363, 0.24214017876801752, 0.12285632095863397]",41.9659367689,-103.421060431,NO
188,0.75,41.2,-104.8,0.00453345389716,0.0188772686125,"[0.11387875986058066, 0.13698928504580143, 0.7172864968569751, 0.031845458236642775]",41.9659367689,-103.421060431,NO
189,0.75,33.2,-101.4,0.0268770010907,0.102192597801,"[0.4199608424052914, 0.23248479655399767, 0.18773711404964782, 0.15981724699106298]",34.6530993064,-97.7326567148,NO
190,0.75,47.5,-111.3,0.0590228210757,0.152525909147,"[0.2814013153364328, 0.2859451394204098, 0.18662460106626433, 0.24602894417689317]",41.9659367689,-103.421060431,NO
191,2.0,29.38,-89.68,0.248885046529,0.279540707277,"[0.25100834726340837, 0.265625378144992, 0.34283078082550456, 0.14053549376609517]",34.6530993064,-97.7326567148,NO
192,2.0,39.28,-103.4,0.0121394678366,0.0574845028128,"[0.2961636947112311, 0.3717284906595477, 0.1940656365220453, 0.13804217810717598]",41.9659367689,-103.421060431,NO
193,0.75,36.7,-100.18,0.0193844748474,0.118802101008,"[0.20324604739405322, 0.17760523309173476, 0.4765545385963983, 0.14259418091781367]",34.6530993064,-97.7326567148,NO
194,2.75,32.2,-98.78,0.0184156679565,0.0685805518962,"[0.2296031867138285, 0.19647252781975527, 0.25323264318489375, 0.32069164228152247]",34.6530993064,-97.7326567148,NO
195,0.75,32.58,-98.68,0.0141969033139,0.0559200379744,"[0.15924089076565334, 0.3036204219187752, 0.3852831255887721, 0.1518555617267994]",34.6530993064,-97.7326567148,NO
196,1.75,39.08,-99.4,0.0264906845211,0.226889559014,"[0.3757122363767827, 0.2970566308367402, 0.305998814127474, 0.021232318659003168]",34.6530993064,-97.7326567148,NO
197,0.75,35.58,-99.68,0.0114939132464,0.0654682151364,"[0.13985373482363214, 0.009462110052631124, 0.5062647361788735, 0.34441941894486333]",34.6530993064,-97.7326567148,NO
198,0.75,29.08,-94.18,0.10621502047,0.21521963549,"[0.2187167877042523, 0.38738510316603997, 0.10515175506795367, 0.28874635406175403]",34.6530993064,-97.7326567148,NO
199,1.5,35.5,-99.58,0.010484494676,0.0597125522387,"[0.10957681988414644, 0.29567511598631335, 0.5027399195067904, 0.09200814462274978]",34.6530993064,-97.7326567148,NO
200,2.0,35.0,-99.4,0.00779456875628,0.0421368490045,"[0.30425751536998624, 0.34616367508586715, 0.077745351173409, 0.27183345837073764]",34.6530993064,-97.7326567148,NO
201,0.75,36.38,-97.9,0.00947186051576,0.0772004534566,"[0.41939333056639255, 0.33842550363524765, 0.18988905756482527, 0.05229210823353445]",34.6530993064,-97.7326567148,NO
202,0.75,35.88,-97.58,0.00533763031251,0.0409837259115,"[0.22315162997138113, 0.01485790221404214, 0.24653865375757442, 0.5154518140570022]",34.6530993064,-97.7326567148,NO
203,0.75,40.0,-99.0,0.0286926692361,0.276641839398,"[0.25877971185830434, 0.3644313839519179, 0.305602285851636, 0.0711866183381417]",41.9659367689,-103.421060431,NO
204,1.5,35.38,-97.58,0.00199652401175,0.0137536347025,"[0.12149427430769678, 0.2470075100696897, 0.3076715814780433, 0.3238266341445701]",34.6530993064,-97.7326567148,NO
205,2.0,34.78,-97.58,0.000159086264369,0.000965302922579,"[0.0493540986669966, 0.46228967112722924, 0.115654149460805, 0.3727020807449691]",34.6530993064,-97.7326567148,NO
206,1.75,32.38,-100.28,0.0240220125931,0.0878347540284,"[0.15756058831216832, 0.10667414079888521, 0.5029358244127001, 0.23282944647624637]",34.6530993064,-97.7326567148,NO
207,0.75,32.08,-99.9,0.0243112537108,0.0868517642214,"[0.37842052072295607, 0.04607816809214608, 0.1782737834038449, 0.39722752778105297]",34.6530993064,-97.7326567148,NO
208,1.0,40.5,-101.68,0.0100051295987,0.0591466979766,"[0.47515226688816886, 0.4463651634853357, 0.004887826830825666, 0.07359474279566991]",41.9659367689,-103.421060431,NO
209,0.75,34.0,-100.78,0.0194887709125,0.0835388798309,"[0.06693748189650563, 0.32208601220945543, 0.32542957981973375, 0.28554692607430515]",34.6530993064,-97.7326567148,NO
210,0.75,41.08,-103.0,0.00184691656289,0.00920684304865,"[0.29143422156757576, 0.3306728348980019, 0.2199777583547658, 0.1579151851796564]",41.9659367689,-103.421060431,NO
211,0.75,45.78,-109.9,0.0448722588245,0.126512773221,"[0.42322061739425393, 0.2707515627509078, 0.17036355918192456, 0.13566426067291373]",41.9659367689,-103.421060431,NO
212,1.0,34.2,-97.08,0.00250701357721,0.0138371966267,"[0.1718434956128182, 0.23834294965191863, 0.32954294672013723, 0.2602706080151259]",34.6530993064,-97.7326567148,NO
213,1.0,42.78,-103.08,0.00148660201641,0.00705777438345,"[0.19432153037192068, 0.11711941712385279, 0.3840748177845598, 0.3044842347196667]",41.9659367689,-103.421060431,NO
214,0.75,34.38,-100.28,0.0147448325739,0.068371101312,"[0.22785482708702837, 0.15282440812937725, 0.15389545317509343, 0.46542531160850104]",34.6530993064,-97.7326567148,NO
215,2.0,40.28,-91.08,0.044110662645,0.869533696953,"[0.28712535547896545, 0.2897734899913201, 0.05258284931301871, 0.3705183052166957]",39.9373243536,-93.3681420884,NO
216,2.0,40.2,-91.58,0.0254198108593,0.914683410145,"[0.20212594197752815, 0.410515393937769, 0.23859128422473205, 0.14876737985997085]",39.9373243536,-93.3681420884,NO
217,0.75,35.78,-101.4,0.0231757193121,0.113093395969,"[0.2831024163886557, 0.14532780628070008, 0.12771709191579472, 0.4438526854148495]",34.6530993064,-97.7326567148,NO
218,1.0,41.08,-100.68,0.0157137976799,0.107234275479,"[0.1515407424858123, 0.2990238533654129, 0.22445048287986072, 0.32498492126891393]",41.9659367689,-103.421060431,NO
219,2.75,35.2,-101.68,0.0246112177953,0.111161359956,"[0.3577091810656975, 0.21628637711240478, 0.3011631706173181, 0.12484127120457968]",34.6530993064,-97.7326567148,NO
220,4.0,32.28,-95.9,0.030582480011,0.113302318983,"[0.09631229343269243, 0.2397957058405655, 0.5577329198385891, 0.1061590808881531]",34.6530993064,-97.7326567148,NO
221,1.25,45.2,-89.68,0.188156732853,0.562788489616,"[0.42503021718059525, 0.2727340834077715, 0.17039056288935817, 0.13184513652227514]",39.9373243536,-93.3681420884,NO
222,1.0,41.2,-96.58,0.0322664326579,0.623435604407,"[0.583240388603495, 0.3612020036620647, 0.051525172726632186, 0.004032435007807994]",39.9373243536,-93.3681420884,NO
223,1.75,44.7,-86.0,0.414362117999,0.373829105373,"[0.10030178078677814, 0.20052097000878608, 0.3514414174828647, 0.347735831721571]",37.7794743929,-81.4448348693,NO
224,1.75,40.0,-82.9,0.89994549342,0.0592119173749,"[0.21675512249408482, 0.4042237909063939, 0.24282683083539322, 0.1361942557641281]",37.7794743929,-81.4448348693,NO
225,1.75,41.7,-71.78,0.670977899389,0.15583786282,"[0.010997670433654483, 0.009715484925976611, 0.5359820882047787, 0.4433047564355903]",37.7794743929,-81.4448348693,NO
226,0.75,41.2,-81.58,0.871561829252,0.0734231949005,"[0.3991591674706162, 0.1001316947660599, 0.47424792579966435, 0.026461211963659494]",37.7794743929,-81.4448348693,NO
227,0.75,37.0,-102.68,0.0256710188292,0.120444283247,"[0.08695815227311818, 0.2727870946248995, 0.3313466373342671, 0.30890811576771515]",41.9659367689,-103.421060431,NO
228,1.0,39.0,-96.78,0.0278455593779,0.510487184459,"[0.15707041744923517, 0.3223026879777095, 0.20558829449554583, 0.3150386000775095]",39.9373243536,-93.3681420884,NO
229,1.0,38.0,-93.68,0.0208232847563,0.837536542547,"[0.40007178865045184, 0.027836257702262997, 0.23403363373372907, 0.3380583199135562]",39.9373243536,-93.3681420884,NO
230,1.75,36.7,-89.58,0.196419535583,0.554628202139,"[0.3281855060900376, 0.4343351979363859, 0.07478080037774466, 0.16269849559583185]",39.9373243536,-93.3681420884,NO
231,1.75,42.5,-71.28,0.649313030658,0.165238153017,"[0.0727175359894436, 0.2534090482916352, 0.3219079945815088, 0.35196542113741247]",37.7794743929,-81.4448348693,NO
232,5.0,32.58,-96.08,0.0246019209291,0.0971815574817,"[0.19083031271946518, 0.3984699890408161, 0.09146711482462924, 0.3192325834150895]",34.6530993064,-97.7326567148,NO
233,1.75,41.7,-100.0,0.0213113459911,0.159343568183,"[0.2462571237317636, 0.1740870477603913, 0.2690442803118248, 0.31061154819602016]",41.9659367689,-103.421060431,NO
234,1.5,34.88,-85.0,0.708339113311,0.160218935298,"[0.0495758510310541, 0.536339690476638, 0.07447502282061744, 0.33960943567169044]",37.7794743929,-81.4448348693,NO
235,2.0,34.38,-82.9,0.839748258908,0.0835288751377,"[0.06780729257222541, 0.308381953964856, 0.3983437363104848, 0.22546701715243372]",37.7794743929,-81.4448348693,NO
236,1.0,40.5,-96.9,0.0310406696055,0.573611847104,"[0.32970216050369694, 0.1066170412440064, 0.33226747724768735, 0.23141332100460937]",39.9373243536,-93.3681420884,NO
237,0.75,41.58,-96.68,0.0346402961934,0.598916475814,"[0.15580838755245027, 0.054942936511956246, 0.2250933655238012, 0.5641553104117922]",39.9373243536,-93.3681420884,NO
238,1.25,42.28,-73.28,0.694402820527,0.1478028181,"[0.021371352827227668, 0.42620940466686996, 0.35248669905334346, 0.19993254345255893]",37.7794743929,-81.4448348693,NO
239,3.0,40.58,-104.4,0.00524014088085,0.0226834676138,"[0.2338758115479675, 0.30464927221797117, 0.10785752263237681, 0.35361739360168454]",41.9659367689,-103.421060431,NO
240,2.0,36.38,-100.08,0.017499679679,0.104935558832,"[0.4153460041019441, 0.2690996011213691, 0.15778141826295353, 0.15777297651373337]",34.6530993064,-97.7326567148,NO
241,1.0,40.28,-96.78,0.0299404356811,0.589563368933,"[0.5217535757667614, 0.36016281283056495, 0.10743072809812197, 0.010652883304551657]",39.9373243536,-93.3681420884,NO
242,1.75,35.0,-97.58,0.000531077269832,0.00337414974715,"[0.10863210543449976, 0.34921011624998427, 0.4002982350396998, 0.14185954327581607]",34.6530993064,-97.7326567148,NO
243,2.75,42.08,-103.68,0.000232504008958,0.00106097828412,"[0.43523076104831376, 0.27289059864697757, 0.20669974315216305, 0.08517889715254573]",41.9659367689,-103.421060431,NO
244,2.0,40.78,-104.3,0.00408446699597,0.0178410998035,"[0.269894881117991, 0.06718533705111944, 0.40249290305422475, 0.26042687877666476]",41.9659367689,-103.421060431,NO
245,2.5,35.58,-98.28,0.0037153565843,0.0247097588018,"[0.26682476250369236, 0.28363916188026456, 0.2604316444432016, 0.18910443117284154]",34.6530993064,-97.7326567148,NO
246,1.75,45.58,-96.0,0.0704183711202,0.485625136793,"[0.028702777309747445, 0.2763214033215079, 0.17474272493518078, 0.520233094433564]",39.9373243536,-93.3681420884,NO
247,5.0,45.2,-99.0,0.0442662417035,0.265513416195,"[0.13672912375063762, 0.37770282575960695, 0.15286027574602884, 0.3327077747437267]",41.9659367689,-103.421060431,NO
248,1.75,38.58,-99.0,0.0259527011142,0.234450350569,"[0.32029000791397705, 0.3183920075507032, 0.3372956947218465, 0.0240222898134733]",34.6530993064,-97.7326567148,NO
249,1.5,44.5,-100.4,0.0268352500716,0.151723653887,"[0.39619303518885574, 0.4710256960285087, 0.1204952071421439, 0.01228606164049164]",41.9659367689,-103.421060431,NO
250,1.5,45.78,-99.68,0.0424863460751,0.223888206566,"[0.07348078937822679, 0.3630543695304333, 0.21468296875053408, 0.34878187234080577]",41.9659367689,-103.421060431,NO
251,1.0,42.88,-98.78,0.0342477724414,0.287441512311,"[0.34225825957312306, 0.47658253616482865, 0.01042990535910261, 0.17072929890294575]",41.9659367689,-103.421060431,NO
252,2.5,46.78,-95.4,0.0881751846755,0.470138129443,"[0.1361247510532197, 0.25988323663174967, 0.2890400336887436, 0.314951978626287]",39.9373243536,-93.3681420884,NO
253,0.75,45.88,-95.4,0.0781871052838,0.506952920082,"[0.18662493727779725, 0.44011075817743156, 0.22183948998552572, 0.15142481455924545]",39.9373243536,-93.3681420884,NO
254,0.75,36.38,-80.68,0.972939636366,0.0142648703264,"[0.3624126612003486, 0.07412309493492533, 0.16136824077970766, 0.4020960030850185]",37.7794743929,-81.4448348693,NO
255,1.5,39.38,-101.68,0.0162757136538,0.0952402571882,"[0.31365182915626094, 0.2914619929366725, 0.1321099051053672, 0.2627762728016995]",41.9659367689,-103.421060431,NO
256,1.75,31.4,-92.28,0.128889631941,0.279476819466,"[0.41789493908394126, 0.5432788656067212, 0.02108027043225682, 0.01774592487708056]",34.6530993064,-97.7326567148,NO
257,0.75,43.7,-95.18,0.0521028548278,0.648152604986,"[0.2451728262917337, 0.2543014136777283, 0.3947500533625204, 0.10577570666801764]",39.9373243536,-93.3681420884,NO
258,1.0,44.5,-83.4,0.589969527711,0.242942158723,"[0.42552212734415573, 0.1296051294293975, 0.02767059225149602, 0.4172021509749507]",37.7794743929,-81.4448348693,NO
259,1.0,39.78,-101.08,0.0174708074384,0.112530887433,"[0.1150047158847551, 0.2603805067209077, 0.06847022280046977, 0.5561445545938675]",41.9659367689,-103.421060431,NO
260,1.5,41.58,-98.08,0.0346399945353,0.392899217562,"[0.03027158152407823, 0.25572734659880003, 0.23266411480012458, 0.48133695707699714]",39.9373243536,-93.3681420884,NO
261,1.25,48.2,-106.58,0.0456768096632,0.137981726414,"[0.33222360716443455, 0.28580346885737945, 0.07571869933947353, 0.30625422463871255]",41.9659367689,-103.421060431,NO
262,0.75,48.5,-110.4,0.0600475549279,0.156357944052,"[0.3221814116683816, 0.10604308743734722, 0.1880295380303572, 0.38374596286391405]",41.9659367689,-103.421060431,NO
263,1.75,42.78,-71.68,0.652715949802,0.164482352169,"[0.2054015328057428, 0.18746724114087895, 0.3392425788583613, 0.2678886471950169]",37.7794743929,-81.4448348693,NO
264,0.75,48.78,-100.4,0.063444817299,0.23586249064,"[0.3114782220372007, 0.30500067493544913, 0.3601690939896028, 0.023352009037747493]",41.9659367689,-103.421060431,NO
265,2.0,46.58,-108.5,0.0415896385115,0.12221118724,"[0.0562928783122916, 0.22803315471557495, 0.2494428200574788, 0.46623114691465467]",41.9659367689,-103.421060431,NO
266,1.0,41.38,-99.5,0.0258007941641,0.215346463574,"[0.2814402317383107, 0.2030476194186018, 0.45023596524038223, 0.06527618360270529]",41.9659367689,-103.421060431,NO
267,1.75,42.08,-86.4,0.451823057298,0.373820859181,"[0.382888682497863, 0.22358956426316925, 0.32672740993062405, 0.06679434330834383]",37.7794743929,-81.4448348693,NO
268,1.5,42.7,-96.78,0.0418352002792,0.543574804593,"[0.3703173040709707, 0.06592572376970973, 0.3634578056416729, 0.20029916651764665]",39.9373243536,-93.3681420884,NO
269,2.0,44.0,-103.08,0.00770172444836,0.0347312144723,"[0.28234217090316266, 0.4108973952285161, 0.2005913370524511, 0.10616909681587024]",41.9659367689,-103.421060431,NO
270,1.0,45.5,-95.78,0.0711173266505,0.502735074906,"[0.10036948537506948, 0.4094598551050553, 0.20971402040583495, 0.28045663911404034]",39.9373243536,-93.3681420884,NO
271,1.75,41.0,-98.28,0.0326543491041,0.368909208654,"[0.2630698180427529, 0.019577581300460018, 0.07518275968572051, 0.6421698409710666]",39.9373243536,-93.3681420884,NO
272,1.75,37.7,-106.3,0.0284462364838,0.101225420101,"[0.21141750331238685, 0.32962431041488865, 0.09587800476764338, 0.3630801815050812]",41.9659367689,-103.421060431,NO
273,1.0,39.78,-101.28,0.0162537195541,0.101528528604,"[0.3565458726421499, 0.2841348248692651, 0.2732501179380457, 0.08606918455053926]",41.9659367689,-103.421060431,NO
274,1.0,42.0,-97.18,0.0377044745764,0.513850202905,"[0.3750383903850497, 0.24333747636168543, 0.20641037765478795, 0.17521375559847707]",39.9373243536,-93.3681420884,NO
275,0.75,37.78,-100.0,0.0230699230666,0.161100785395,"[0.12616758364801997, 0.04324174562987328, 0.48979567886114916, 0.3407949918609577]",34.6530993064,-97.7326567148,NO
276,1.75,38.88,-104.08,0.0152281217665,0.0667853881144,"[0.33226794338929333, 0.2861423646828205, 0.12669663815518298, 0.25489305377270316]",41.9659367689,-103.421060431,NO
277,1.0,45.78,-123.3,0.103154084418,0.200569794474,"[0.3494424227883995, 0.17042643629134924, 0.2030505327872297, 0.27708060813302154]",41.9659367689,-103.421060431,NO
278,2.0,47.7,-117.9,0.0871726904597,0.186964571431,"[0.10527915385093499, 0.10095831808707678, 0.4389836804837613, 0.35477884757822686]",41.9659367689,-103.421060431,NO
279,0.75,48.28,-117.68,0.087704228032,0.187948083654,"[0.32453712930664413, 0.10386577495593047, 0.2740047974572695, 0.29759229828015593]",41.9659367689,-103.421060431,NO
280,2.75,46.5,-118.88,0.0885386461852,0.187573066197,"[0.2544197836617953, 0.39695848223272434, 0.1585087995467042, 0.19011293455877626]",41.9659367689,-103.421060431,NO
281,1.75,39.2,-94.58,0.0110108940598,0.903243231454,"[0.3794498184265436, 0.15822459266067906, 0.3369901544539445, 0.12533543445883277]",39.9373243536,-93.3681420884,NO
282,2.0,39.2,-94.5,0.0102083976853,0.912540289228,"[0.3587966775563637, 0.29969380836869564, 0.13106601434641799, 0.21044349972852283]",39.9373243536,-93.3681420884,NO
283,2.75,39.88,-94.4,0.00671562216021,0.949354305892,"[0.060082623383251425, 0.5495463325494476, 0.2732447878965913, 0.11712625617070964]",39.9373243536,-93.3681420884,NO
284,0.75,30.5,-87.9,0.345099526005,0.279472509024,"[0.23903082433165196, 0.08936219501023612, 0.2746230984996889, 0.39698388215842306]",37.7794743929,-81.4448348693,NO
285,1.75,43.58,-72.58,0.654973502118,0.165333057738,"[0.22893674748156975, 0.246998662525388, 0.08797185147541539, 0.43609273851762687]",37.7794743929,-81.4448348693,NO
286,0.75,46.7,-111.68,0.0575674758298,0.149064842978,"[0.5663980012062356, 0.3020240017808558, 0.03879990114269013, 0.09277809587021839]",41.9659367689,-103.421060431,NO
287,2.0,44.0,-103.5,0.00737321735676,0.0320621147778,"[0.3425989228474102, 0.22250298858960849, 0.08516528057637943, 0.34973280798660183]",41.9659367689,-103.421060431,NO
288,0.75,47.0,-109.9,0.0503298456253,0.138246443443,"[0.09607392397161149, 0.004909709948467845, 0.5065343684190838, 0.39248199766083675]",41.9659367689,-103.421060431,NO
289,0.75,40.78,-102.28,0.00531064755383,0.0289316650061,"[0.04761362352733382, 0.5734327697783173, 0.3210784918373577, 0.05787511485699114]",41.9659367689,-103.421060431,NO
290,2.75,45.78,-96.5,0.0687413176949,0.445969832086,"[0.296522856235169, 0.23869641209634532, 0.32198915620047674, 0.14279157546800908]",39.9373243536,-93.3681420884,NO
291,2.0,34.28,-110.0,0.0580460150655,0.154946643128,"[0.20727438673235668, 0.23198972054015538, 0.2907006628787636, 0.2700352298487244]",41.9659367689,-103.421060431,NO
292,1.0,45.5,-100.4,0.0341924275682,0.175247750293,"[0.32952450479918993, 0.10728538287451511, 0.25279191135334067, 0.3103982009729543]",41.9659367689,-103.421060431,NO
293,2.75,47.5,-101.08,0.047153795292,0.191454992371,"[0.5526728456185186, 0.09831344053083439, 0.0965873711704409, 0.2524263426802061]",41.9659367689,-103.421060431,NO
294,1.75,44.78,-108.8,0.0346940908733,0.104841132667,"[0.13940456993823452, 0.2734539261382885, 0.2637532012549009, 0.3233883026685761]",41.9659367689,-103.421060431,NO
295,1.5,43.28,-98.08,0.040807383661,0.365512449991,"[0.1439446805442218, 0.20947248892816364, 0.11868121541005178, 0.5279016151175627]",41.9659367689,-103.421060431,NO
296,1.0,43.58,-95.78,0.0499765443053,0.606576244514,"[0.05903281820319248, 0.2442094411393677, 0.5721945087812207, 0.12456323187621914]",39.9373243536,-93.3681420884,NO
297,1.0,44.0,-96.28,0.0533037067482,0.536783853231,"[0.1783480787070382, 0.1526396503896893, 0.4486462101201872, 0.2203660607830852]",39.9373243536,-93.3681420884,NO
298,2.0,44.88,-102.5,0.0159028922543,0.0717908273704,"[0.04542199613936449, 0.1285294183382322, 0.4242054563796255, 0.4018431291427778]",41.9659367689,-103.421060431,NO
299,0.75,35.38,-98.18,0.0023778631316,0.0154050343589,"[0.305382568210835, 0.2908865388938288, 0.3549595011534271, 0.04877139174190915]",34.6530993064,-97.7326567148,NO
300,1.0,35.5,-98.68,0.00486798879938,0.0305402365663,"[0.09884066305933505, 0.4463456281898287, 0.24546873041046055, 0.20934497834037571]",34.6530993064,-97.7326567148,NO
301,1.0,42.38,-83.0,0.739079946586,0.155754231885,"[0.19859767471866063, 0.2823851483883335, 0.4726742762952302, 0.04634290059777568]",37.7794743929,-81.4448348693,NO
302,1.5,45.58,-94.4,0.0829790823807,0.567199747063,"[0.353234679776511, 0.0056161399743288485, 0.15474531885115517, 0.4864038613980049]",39.9373243536,-93.3681420884,NO
303,2.75,48.78,-98.4,0.0787001954019,0.306719088413,"[0.2986736777402102, 0.24870125554289163, 0.17448735587541475, 0.27813771084148337]",41.9659367689,-103.421060431,NO
304,0.75,39.78,-104.9,0.0111042378998,0.0457774895746,"[0.26706908895317105, 0.23728352102056507, 0.40707074568849905, 0.0885766443377648]",41.9659367689,-103.421060431,NO
305,2.5,39.88,-104.9,0.0105303320306,0.0434477290203,"[0.010202896905826351, 0.23564505411129025, 0.28184358950312016, 0.4723084594797632]",41.9659367689,-103.421060431,NO
306,1.5,39.7,-104.9,0.0115742747075,0.0476795602608,"[0.3537345604155306, 0.06731743261810728, 0.36306147863149485, 0.21588652833486727]",41.9659367689,-103.421060431,NO
307,1.75,40.2,-103.0,0.00623961935904,0.031204314477,"[0.07621205769153733, 0.26350387624790134, 0.12381774087189479, 0.5364663251886667]",41.9659367689,-103.421060431,NO
308,2.75,39.78,-99.5,0.0264786565401,0.227432300512,"[0.10624692449564392, 0.22675829038543205, 0.17547778162918873, 0.49151700348973526]",41.9659367689,-103.421060431,NO
309,1.5,38.7,-94.08,0.0115099695844,0.907024102818,"[0.1733677715103707, 0.2648396282133232, 0.2740789892632252, 0.287713611013081]",39.9373243536,-93.3681420884,NO
310,0.75,38.78,-97.58,0.0279104430242,0.373119605289,"[0.09799542226076345, 0.39623989017724637, 0.2862403320555724, 0.21952435550641772]",34.6530993064,-97.7326567148,NO
311,2.75,39.58,-90.78,0.05898008459,0.834673927894,"[0.12329480169848119, 0.13751662601285206, 0.2567105281859226, 0.48247804410274425]",39.9373243536,-93.3681420884,NO
312,1.0,40.2,-74.08,0.750675620536,0.121372496032,"[0.49383483943542533, 0.12707170939134224, 0.31275165372815517, 0.0663417974450774]",37.7794743929,-81.4448348693,NO
313,4.0,42.58,-85.9,0.487873062693,0.339717054428,"[0.25756949237980314, 0.2717736603601168, 0.4184058891510243, 0.05225095810905574]",37.7794743929,-81.4448348693,NO
314,0.75,34.7,-92.28,0.094911697688,0.431849865795,"[0.28142721976784424, 0.42862195942951137, 0.1624601961002159, 0.12749062470242845]",39.9373243536,-93.3681420884,NO
315,2.0,33.28,-86.78,0.474026184726,0.269567070937,"[0.4380983835795736, 0.27152035303527633, 0.05834824754428744, 0.23203301584086253]",37.7794743929,-81.4448348693,NO
316,2.0,37.88,-83.9,0.898584394029,0.0600037477456,"[0.29985363335369597, 0.14924517128154166, 0.19492596503240775, 0.35597523033235473]",37.7794743929,-81.4448348693,NO
317,2.5,37.58,-91.5,0.0639943418486,0.758549866954,"[0.11300396619679637, 0.2848994368831773, 0.22747478653757844, 0.3746218103824479]",39.9373243536,-93.3681420884,NO
318,2.0,38.2,-88.78,0.240246834862,0.561679905637,"[0.2985641596075467, 0.10758504970945908, 0.11523651787222246, 0.4786142728107717]",39.9373243536,-93.3681420884,NO
319,2.0,39.0,-89.18,0.183675273905,0.63942785915,"[0.31003708927065, 0.30302614901225544, 0.3742093491187048, 0.012727412598389845]",39.9373243536,-93.3681420884,NO
320,2.75,39.2,-88.58,0.244401109978,0.57355952578,"[0.21346903724965327, 0.02602568075926048, 0.423171791750667, 0.3373334902404193]",39.9373243536,-93.3681420884,NO
321,2.0,39.5,-88.28,0.275184325724,0.544111885872,"[0.40981864657518374, 0.24940751806382291, 0.053170232526217207, 0.28760360283477615]",39.9373243536,-93.3681420884,NO
322,2.5,38.38,-88.18,0.308099005774,0.498885671826,"[0.06221063725764583, 0.17259762592646363, 0.37351298658528426, 0.3916787502306063]",39.9373243536,-93.3681420884,NO
323,1.5,38.38,-87.78,0.361207191762,0.450864072054,"[0.30507231465474477, 0.44066100918525153, 0.1440713759923859, 0.11019530016761772]",39.9373243536,-93.3681420884,NO
324,1.25,38.5,-89.78,0.13918215351,0.68564298942,"[0.24735308470709422, 0.2024004630304746, 0.22838844336634864, 0.32185800889608257]",39.9373243536,-93.3681420884,NO
325,2.0,39.88,-86.9,0.453503133715,0.381987811831,"[0.32448861359609443, 0.314721778117064, 0.3403781884966627, 0.020411419790178985]",37.7794743929,-81.4448348693,NO
326,2.25,40.08,-86.5,0.504906298617,0.339835696413,"[0.1446430797428859, 0.2011214190211827, 0.5777638996683517, 0.07647160156757983]",37.7794743929,-81.4448348693,NO
327,2.0,29.28,-89.4,0.261487691596,0.27816710135,"[0.2629424656485224, 0.1596587121797204, 0.36155782130414, 0.2158410008676173]",34.6530993064,-97.7326567148,NO
328,1.75,29.68,-95.18,0.0790431966568,0.186820338369,"[0.32171028550214426, 0.1048519770461847, 0.3368785015382781, 0.2365592359133931]",34.6530993064,-97.7326567148,NO
329,1.75,32.78,-96.78,0.015280220067,0.0635317234212,"[0.08239255116537585, 0.1819703686459547, 0.5101036530693839, 0.22553342711928553]",34.6530993064,-97.7326567148,NO
330,1.75,32.5,-98.5,0.014532407758,0.0568029508969,"[0.18344356312016966, 0.05659426221743669, 0.6690181889143672, 0.09094398574802652]",34.6530993064,-97.7326567148,NO
331,1.0,33.38,-94.0,0.0569759526958,0.235738023147,"[0.524200164100424, 0.04456985542526859, 0.00789354797214385, 0.4233364325021634]",34.6530993064,-97.7326567148,NO
332,2.0,33.88,-93.5,0.0663440224254,0.295238588239,"[0.12214785604964848, 0.24728571630864113, 0.1670125835093079, 0.4635538441324025]",34.6530993064,-97.7326567148,NO
333,1.5,33.08,-98.5,0.0090249427371,0.0385183692639,"[0.1575394724452212, 0.09975203518977686, 0.6822813282320667, 0.06042716413293531]",34.6530993064,-97.7326567148,NO
334,1.75,36.78,-94.9,0.0310286847209,0.461738074215,"[0.12376745653150494, 0.1248294347391304, 0.7139212382404807, 0.03748187048888408]",39.9373243536,-93.3681420884,NO
335,1.0,36.7,-93.4,0.0442969183677,0.627403661833,"[0.3539573058718592, 0.21012433749672124, 0.1337758934458593, 0.3021424631855603]",39.9373243536,-93.3681420884,NO
336,2.0,42.0,-86.28,0.467820375417,0.361244827751,"[0.44195369519022737, 0.3832268648912963, 0.005225476901048557, 0.16959396301742763]",37.7794743929,-81.4448348693,NO
337,0.75,41.78,-87.68,0.316405482134,0.497759690854,"[0.23703797902751747, 0.5168387169731611, 0.15565533436105036, 0.09046796963827111]",39.9373243536,-93.3681420884,NO
338,2.0,41.58,-85.78,0.541437892691,0.305272779352,"[0.6034977595862284, 0.09678269821107988, 0.14362632623614713, 0.1560932159665447]",37.7794743929,-81.4448348693,NO
339,0.75,41.5,-88.4,0.243709126833,0.574598829579,"[0.3308711021233267, 0.13194193974830473, 0.2791322720215778, 0.2580546861067908]",39.9373243536,-93.3681420884,NO
340,0.75,41.58,-87.58,0.329793594743,0.486673051347,"[0.08508010024874856, 0.30227347608829996, 0.06781699245617509, 0.5448294312067764]",39.9373243536,-93.3681420884,NO
341,1.75,40.5,-86.4,0.504824409984,0.339307490619,"[0.2680867121167429, 0.3010387862477537, 0.2345219479458759, 0.19635255368962737]",37.7794743929,-81.4448348693,NO
342,2.5,33.7,-87.18,0.444089981516,0.292256957538,"[0.33025422988862785, 0.39705227739963966, 0.1234062266398793, 0.1492872660718532]",37.7794743929,-81.4448348693,NO
343,0.75,36.7,-87.5,0.424198015943,0.369650467556,"[0.6999916437213668, 0.05103846785037615, 0.07411596626680239, 0.17485392216145462]",37.7794743929,-81.4448348693,NO
344,2.0,34.28,-85.9,0.59020868241,0.221483727977,"[0.3403581413109271, 0.30825716032352773, 0.2990869358430195, 0.05229776252252578]",37.7794743929,-81.4448348693,NO
345,1.75,38.78,-81.28,0.98763452935,0.0068782617983,"[0.05146808120021006, 0.06874895999105428, 0.40379337588314207, 0.47598958292559346]",37.7794743929,-81.4448348693,NO
346,0.75,35.88,-79.0,0.921799136601,0.0396113511228,"[0.03669967913792292, 0.5466513160379071, 0.1845702014963939, 0.2320788033277761]",37.7794743929,-81.4448348693,NO
347,0.75,28.6,-97.68,0.0688654473207,0.163590402832,"[0.04270242599382417, 0.05441917239434169, 0.2772344579728904, 0.6256439436389438]",34.6530993064,-97.7326567148,NO
348,1.0,27.88,-97.78,0.0783008484652,0.174116325246,"[0.28070306606472656, 0.1894845418376777, 0.20904944225748498, 0.32076294984011067]",34.6530993064,-97.7326567148,NO
349,2.0,26.2,-97.68,0.100861653721,0.194413908566,"[0.16602200741226647, 0.2981054330301313, 0.2232264286796971, 0.3126461308779052]",34.6530993064,-97.7326567148,NO
350,1.75,31.1,-97.58,0.0330320470333,0.105545206074,"[0.5770601590500026, 0.09753794634167266, 0.10633326316582054, 0.21906863144250427]",34.6530993064,-97.7326567148,NO
351,1.5,36.0,-95.28,0.026386793607,0.269638611413,"[0.3230236143800381, 0.2519173201403724, 0.2814406790702998, 0.1436183864092896]",34.6530993064,-97.7326567148,NO
352,0.75,35.28,-94.4,0.0396539686078,0.307758004922,"[0.060863339032915596, 0.21293690566611156, 0.3938988719923978, 0.33230088330857516]",34.6530993064,-97.7326567148,NO
353,2.0,34.7,-95.0,0.0288138344909,0.186930641191,"[0.04988157305173071, 0.34247330412276744, 0.3121928798539498, 0.2954522429715519]",34.6530993064,-97.7326567148,NO
354,2.5,34.0,-94.68,0.0372638692629,0.193249752371,"[0.2871447646178445, 0.24139237012530623, 0.3027700402941882, 0.1686928249626611]",34.6530993064,-97.7326567148,NO
355,1.75,34.28,-82.4,0.854140893697,0.075238106749,"[0.2983075924957103, 0.16240229098243486, 0.31887284699876756, 0.22041726952308716]",37.7794743929,-81.4448348693,NO
356,3.0,41.5,-93.68,0.0152534449372,0.91852525192,"[0.2583774772368191, 0.2099211215439396, 0.484489695563066, 0.047211705656175336]",39.9373243536,-93.3681420884,NO
357,1.0,41.88,-91.68,0.0456342344488,0.850876078487,"[0.110620481307056, 0.2851073958766039, 0.26280945014697515, 0.34146267266936486]",39.9373243536,-93.3681420884,NO
358,1.0,37.5,-85.68,0.685077953412,0.19607886675,"[0.6092215541927354, 0.04302528998917953, 0.18667475915930815, 0.16107839665877696]",37.7794743929,-81.4448348693,NO
359,3.0,37.38,-93.9,0.0305456070516,0.711897011656,"[0.5954617829529774, 0.025352349195105466, 0.13456614881622384, 0.24461971903569332]",39.9373243536,-93.3681420884,NO
360,1.25,37.7,-97.0,0.0232464480527,0.304235741968,"[0.03684562710754944, 0.052173155393329874, 0.5270408347972253, 0.38394038270189534]",34.6530993064,-97.7326567148,NO
361,2.0,38.38,-96.58,0.0265580472219,0.467029425709,"[0.3332042470094669, 0.22636383327739457, 0.08842562849170166, 0.35200629122143684]",39.9373243536,-93.3681420884,NO
362,1.0,39.08,-95.58,0.0214480709995,0.736500428841,"[0.26607360191140206, 0.27709840223582216, 0.2128153347582491, 0.24401266109452677]",39.9373243536,-93.3681420884,NO
363,1.75,39.0,-95.68,0.0225006285004,0.709928820437,"[0.3539882770592037, 0.18238913754999023, 0.2094661128571535, 0.25415647253365253]",39.9373243536,-93.3681420884,NO
364,2.5,38.5,-98.58,0.0259862866013,0.256521394226,"[0.07264201921220222, 0.12164500557780736, 0.1803802255394753, 0.625332749670515]",34.6530993064,-97.7326567148,NO
365,1.25,37.58,-98.68,0.0205383542599,0.178087525379,"[0.23777332965585454, 0.2737488609383472, 0.4796118679709292, 0.008865941434869028]",34.6530993064,-97.7326567148,NO
366,1.25,37.5,-97.4,0.0207674864304,0.234831807158,"[0.31850364558728445, 0.13677429478860095, 0.31644775007213477, 0.22827430955197986]",34.6530993064,-97.7326567148,NO
367,1.0,43.2,-88.68,0.22448473348,0.571855644832,"[0.2087159607323031, 0.27456103568499296, 0.24815188569413285, 0.2685711178885711]",39.9373243536,-93.3681420884,NO
368,1.0,30.58,-96.28,0.0503511738769,0.143521879264,"[0.14925970290610244, 0.15399935907440587, 0.10378881687215988, 0.5929521211473319]",34.6530993064,-97.7326567148,NO
369,1.0,38.38,-89.18,0.19493787887,0.614483324332,"[0.32138875437579084, 0.29810958855186864, 0.11217517399285128, 0.26832648307948914]",39.9373243536,-93.3681420884,NO
370,2.0,36.58,-97.9,0.0113810154514,0.0965115363832,"[0.18330292142225557, 0.35767917263203697, 0.0688815817741024, 0.39013632417160504]",34.6530993064,-97.7326567148,NO
371,1.0,36.5,-97.68,0.0108070625909,0.0934780186531,"[0.10789334860712532, 0.2599775853425011, 0.2372325842682642, 0.3948964817821095]",34.6530993064,-97.7326567148,NO
372,2.0,38.38,-95.78,0.0250072204302,0.609684999448,"[0.04878054159214889, 0.2417987548033436, 0.225736300968402, 0.4836844026361055]",39.9373243536,-93.3681420884,NO
373,1.75,34.58,-97.0,0.00220289994117,0.0132775099503,"[0.34681504818946357, 0.17761158964469345, 0.10209158675705916, 0.3734817754087838]",34.6530993064,-97.7326567148,NO
374,0.75,34.78,-96.4,0.00730393000035,0.0476186397218,"[0.28343251134029235, 0.5104640545169157, 0.1658123850366151, 0.040291049106176896]",34.6530993064,-97.7326567148,NO
375,2.0,34.38,-96.58,0.00568691351166,0.0333181362574,"[0.47458913850747, 0.1934509943055697, 0.2715809806557409, 0.06037888653121964]",34.6530993064,-97.7326567148,NO
376,2.0,35.08,-96.4,0.00790918195608,0.0558313034302,"[0.15800875518012475, 0.2064832886951014, 0.3178992602444226, 0.31760869588035123]",34.6530993064,-97.7326567148,NO
377,1.5,32.78,-97.18,0.0127974816881,0.053245817214,"[0.28514823433810577, 0.25391796879965983, 0.2690500394476778, 0.19188375741455652]",34.6530993064,-97.7326567148,NO
378,2.0,32.78,-97.0,0.0137776236605,0.0573332676274,"[0.23394045156257795, 0.4121157133474852, 0.06007077300911343, 0.2938730620808234]",34.6530993064,-97.7326567148,NO
379,1.75,37.08,-93.58,0.0368116821412,0.682407916977,"[0.3129161860426153, 0.3631347615152517, 0.2671525885028686, 0.056796463939264595]",39.9373243536,-93.3681420884,NO
380,2.0,37.0,-93.68,0.0372775365537,0.659784639012,"[0.03492372951322782, 0.5854494755815899, 0.2400190947040301, 0.1396077002011522]",39.9373243536,-93.3681420884,NO
381,1.75,36.88,-94.9,0.0307549818487,0.481206612313,"[0.2724979456756085, 0.3892651691047021, 0.21031973168048795, 0.12791715353920133]",39.9373243536,-93.3681420884,NO
382,2.0,32.7,-88.18,0.345519786634,0.31725035084,"[0.3457921074972067, 0.0983838994152115, 0.3456446532502286, 0.21017933983735312]",37.7794743929,-81.4448348693,NO
383,1.0,35.08,-89.58,0.22652007944,0.452743540501,"[0.34003932045731744, 0.5364511049482352, 0.0911267075119279, 0.032382867082519355]",39.9373243536,-93.3681420884,NO
384,2.0,34.5,-92.18,0.100521083662,0.419296886236,"[0.11912846273049756, 0.3228057811007444, 0.36368553175236995, 0.1943802244163881]",34.6530993064,-97.7326567148,NO
385,1.0,34.5,-92.58,0.08759404844,0.400336377319,"[0.4218013917542231, 0.19891554698091346, 0.006663624979915452, 0.37261943628494804]",34.6530993064,-97.7326567148,NO
386,1.0,41.5,-90.5,0.0845829147397,0.784216936433,"[0.40881401806289003, 0.11099611792566688, 0.19559943562934545, 0.2845904283820976]",39.9373243536,-93.3681420884,NO
387,2.0,41.88,-90.5,0.0909394724885,0.768218782588,"[0.2644968141197567, 0.340751499788114, 0.11659962431935877, 0.2781520617727706]",39.9373243536,-93.3681420884,NO
388,1.75,38.88,-96.08,0.0252838782128,0.62169316207,"[0.018849236462176323, 0.45690456282766895, 0.44420320938231306, 0.0800429913278417]",39.9373243536,-93.3681420884,NO
389,1.5,39.88,-84.18,0.810445975283,0.117279068158,"[0.31804517707271807, 0.1250576761433071, 0.22483966191247226, 0.3320574848715026]",37.7794743929,-81.4448348693,NO
390,0.75,35.7,-98.08,0.00400636013951,0.0278886377307,"[0.23208964242573346, 0.4585227716509618, 0.057790204861609004, 0.25159738106169577]",34.6530993064,-97.7326567148,NO
391,0.75,35.0,-98.08,0.000776215020567,0.0047261002817,"[0.3988475442144174, 0.34142694724085226, 0.24329558552108732, 0.016429923023642972]",34.6530993064,-97.7326567148,NO
392,3.0,35.28,-97.58,0.00151314820545,0.0102025511765,"[0.3388609689249006, 0.2704252793816929, 0.06822562639189442, 0.32248812530151194]",34.6530993064,-97.7326567148,NO
393,1.75,35.28,-97.18,0.00269649758881,0.0188682589325,"[0.419523471681719, 0.1560342204974064, 0.20067296358369158, 0.22376934423718295]",34.6530993064,-97.7326567148,NO
394,0.75,35.38,-97.08,0.00368676218245,0.0266601832835,"[0.3123865449455375, 0.2695100381356165, 0.3734537290339485, 0.04464968788489741]",34.6530993064,-97.7326567148,NO
395,0.75,35.5,-96.9,0.00545826980456,0.041359705718,"[0.3597077527076273, 0.26367346355676174, 0.24721761339345127, 0.12940117034215973]",34.6530993064,-97.7326567148,NO
396,3.75,34.7,-98.0,0.000223972596406,0.00129665045989,"[0.43118686213401575, 0.25661197521270407, 0.06205033715985428, 0.2501508254934259]",34.6530993064,-97.7326567148,NO
397,2.0,34.2,-98.0,0.000947988240909,0.00499856528722,"[0.2939338571081107, 0.16710892556353188, 0.22475021172229337, 0.3142070056060642]",34.6530993064,-97.7326567148,NO
398,3.0,35.08,-97.4,0.00112038248858,0.00735070718576,"[0.11597528390809446, 0.1245599008644025, 0.33812243669492953, 0.4213423785325736]",34.6530993064,-97.7326567148,NO
399,2.0,35.5,-97.28,0.00345606296657,0.0252112028614,"[0.25339257467295173, 0.2559381988295972, 0.16813815322553693, 0.32253107327191416]",34.6530993064,-97.7326567148,NO
400,1.75,33.2,-97.78,0.00698173826183,0.0310352703271,"[0.34169588758763475, 0.3713399196575791, 0.2720680079740684, 0.01489618478071766]",34.6530993064,-97.7326567148,NO
401,1.0,30.78,-100.18,0.038218559523,0.117447060911,"[0.4751120407138823, 0.3057561860823432, 0.030040197549447176, 0.18909157565432735]",34.6530993064,-97.7326567148,NO
402,1.0,31.4,-102.28,0.04235237532,0.131821078049,"[0.23560950518042403, 0.38876424652673464, 0.0397148302400181, 0.33591141805282326]",34.6530993064,-97.7326567148,NO
403,0.75,31.78,-104.8,0.0512909063894,0.150767717042,"[0.12759231507465524, 0.10468749017581862, 0.06465746199100095, 0.7030627327585252]",34.6530993064,-97.7326567148,NO
404,0.75,35.38,-98.5,0.00347702158434,0.0217869560441,"[0.32836573098315797, 0.33195079772655506, 0.1297205990850469, 0.20996287220524001]",34.6530993064,-97.7326567148,NO
405,1.5,36.7,-101.5,0.0241471412428,0.125937456288,"[0.40716012598912305, 0.2242661554285259, 0.31351388022796645, 0.05505983835438455]",34.6530993064,-97.7326567148,NO
406,1.75,29.38,-100.9,0.0545987557811,0.145928311768,"[0.148152744091705, 0.30713885500909205, 0.5267059986082201, 0.018002402290982995]",34.6530993064,-97.7326567148,NO
407,0.75,31.9,-102.18,0.0386317551373,0.125899767238,"[0.39190650589966536, 0.41632664878187664, 0.10161642350516839, 0.09015042181328954]",34.6530993064,-97.7326567148,NO
408,2.0,35.0,-99.58,0.0091582401014,0.0487075785286,"[0.11792147324084107, 0.11527907858551276, 0.4877731964016974, 0.27902625177194873]",34.6530993064,-97.7326567148,NO
409,2.0,26.2,-98.28,0.096916600955,0.190932022531,"[0.35135239434436627, 0.17001603960163175, 0.06956117998053533, 0.40907038607346663]",34.6530993064,-97.7326567148,NO
410,1.75,36.5,-99.4,0.0146928089953,0.097828256705,"[0.22026660148271068, 0.1610485705845521, 0.31471623680762756, 0.30396859112510966]",34.6530993064,-97.7326567148,NO
411,1.0,39.7,-86.4,0.531663521074,0.318374463918,"[0.26766746342490305, 0.40645279027142106, 0.1582475903978929, 0.167632155905783]",37.7794743929,-81.4448348693,NO
412,1.5,35.5,-99.0,0.00662262533801,0.0401287466739,"[0.38400114167835336, 0.2014143980619089, 0.16253583271947286, 0.2520486275402649]",34.6530993064,-97.7326567148,NO
413,3.0,38.0,-96.0,0.0259733132943,0.506185248821,"[0.4183179505465692, 0.13974557470285048, 0.003994010018795602, 0.4379424647317847]",39.9373243536,-93.3681420884,NO
414,0.75,38.7,-93.58,0.0094899062099,0.935337961576,"[0.43555451880857987, 0.03095147337542028, 0.2885595045797297, 0.24493450323627017]",39.9373243536,-93.3681420884,NO
415,1.5,44.88,-91.5,0.117739219026,0.637485200768,"[0.40353289774300327, 0.009355678472482145, 0.04775033035025787, 0.5393610934342568]",39.9373243536,-93.3681420884,NO
416,1.0,42.38,-83.08,0.734611029584,0.158834908048,"[0.18252729702079507, 0.35089752051399803, 0.0604755238227085, 0.4060996586424983]",37.7794743929,-81.4448348693,NO
417,1.0,41.38,-81.5,0.861639627215,0.0789442177684,"[0.07191262009592717, 0.014667819774753716, 0.4154768149617638, 0.49794274516755527]",37.7794743929,-81.4448348693,NO
418,3.0,41.2,-97.58,0.0344675669603,0.46853346273,"[0.16785314129585785, 0.2846226596313189, 0.2809931030726145, 0.26653109600020886]",39.9373243536,-93.3681420884,NO
419,2.5,41.08,-81.18,0.884510974541,0.0652474273708,"[0.3473228604809337, 0.39104682997250434, 0.15708261791735936, 0.10454769162920269]",37.7794743929,-81.4448348693,NO
420,4.0,43.2,-86.18,0.440106975644,0.371990662452,"[0.08305042557926891, 0.10350558033662954, 0.22691563682869464, 0.5865283572554069]",37.7794743929,-81.4448348693,NO
421,1.75,30.9,-101.9,0.0441581926989,0.133028145495,"[0.4439586284131067, 0.1565280759512565, 0.18955784057982794, 0.2099554550558089]",34.6530993064,-97.7326567148,NO
422,1.5,43.58,-116.6,0.0749228711988,0.171083219034,"[0.36072330005007636, 0.04751305462329703, 0.29791570213014335, 0.2938479431964833]",41.9659367689,-103.421060431,NO
423,1.5,35.0,-91.68,0.112048774497,0.476770554314,"[0.1829199225195936, 0.3406766796845976, 0.14831090520424692, 0.32809249259156187]",39.9373243536,-93.3681420884,NO
424,1.0,35.28,-91.08,0.132784639558,0.504802358416,"[0.12665307062595432, 0.4034512349212024, 0.05380212417751816, 0.4160935702753251]",39.9373243536,-93.3681420884,NO
425,2.0,34.0,-78.9,0.851310027407,0.0726795135847,"[0.16523371963467776, 0.25281553260406625, 0.2010634123037875, 0.3808873354574686]",37.7794743929,-81.4448348693,NO
426,0.75,28.1,-82.68,0.530365283021,0.200844844516,"[0.4093495103143702, 0.1760512022216032, 0.17966558363656626, 0.23493370382746037]",37.7794743929,-81.4448348693,NO
427,1.0,42.5,-84.58,0.617882803838,0.240832141659,"[0.3081217517555195, 0.28134999873600003, 0.22317313728224125, 0.18735511222623927]",37.7794743929,-81.4448348693,NO
428,2.0,35.88,-80.08,0.947871259168,0.0269044987427,"[0.46467999454132053, 0.05842780762681052, 0.2887857252352363, 0.1881064725966326]",37.7794743929,-81.4448348693,NO
429,2.0,37.0,-79.9,0.971208355185,0.015104855858,"[0.09237063297697737, 0.265108773843245, 0.3564646590427454, 0.28605593413703234]",37.7794743929,-81.4448348693,NO
430,1.0,36.58,-79.4,0.95015390724,0.025722299069,"[0.17421051685158181, 0.35433749217536087, 0.2921067999987592, 0.17934519097429807]",37.7794743929,-81.4448348693,NO
431,1.75,39.88,-89.5,0.144342321772,0.698839671366,"[0.025879392621812117, 0.18459913563637942, 0.45092270385580724, 0.33859876788600113]",39.9373243536,-93.3681420884,NO
432,1.5,39.38,-93.18,0.00195169873964,0.989182035942,"[0.3452010927071477, 0.06724811959494668, 0.29372416219074304, 0.2938266255071626]",39.9373243536,-93.3681420884,NO
433,1.0,30.18,-82.0,0.634308673513,0.16616733572,"[0.26186055664755403, 0.27976558766458987, 0.2944058916764527, 0.16396796401140348]",37.7794743929,-81.4448348693,NO
434,1.75,32.78,-99.5,0.0161778958982,0.063880213706,"[0.31714414192804186, 0.19068456144330234, 0.05351439660353071, 0.4386569000251251]",34.6530993064,-97.7326567148,NO
435,1.75,35.08,-101.9,0.0259400219168,0.113844461544,"[0.10701610012050927, 0.3726197786273886, 0.03583165971908689, 0.4845324615330154]",34.6530993064,-97.7326567148,NO
436,2.0,31.28,-86.5,0.448380238735,0.253668187029,"[0.1998024731708163, 0.43400585008288983, 0.09527946172456252, 0.27091221502173135]",37.7794743929,-81.4448348693,NO
437,0.75,33.2,-99.68,0.0143759975004,0.0595309552862,"[0.07143421992481531, 0.4530291316118188, 0.013693733707083973, 0.4618429147562819]",34.6530993064,-97.7326567148,NO
438,0.75,38.88,-98.78,0.0272354522943,0.264796903995,"[0.3738188779191122, 0.27059145634413295, 0.08891365612647371, 0.2666760096102812]",34.6530993064,-97.7326567148,NO
439,2.0,42.0,-95.4,0.031239056998,0.751303810894,"[0.11247879720959643, 0.24095632694324937, 0.2272749493173886, 0.41928992652976566]",39.9373243536,-93.3681420884,NO
440,1.5,39.58,-96.9,0.0290536162797,0.538638731086,"[0.433043084629063, 0.22935991265421715, 0.22455423652695375, 0.11304276618976615]",39.9373243536,-93.3681420884,NO
441,2.5,34.78,-102.68,0.0304336879929,0.122806697535,"[0.22638940637138003, 0.26929093691916667, 0.12479700924404966, 0.3795226474654038]",34.6530993064,-97.7326567148,NO
442,1.75,40.08,-96.78,0.0294847561637,0.583707859865,"[0.23084621204064598, 0.35306559733289483, 0.3312018267206238, 0.08488636390583537]",39.9373243536,-93.3681420884,NO
443,0.75,42.2,-97.0,0.038723450909,0.533199069359,"[0.15811403285133874, 0.325867870279026, 0.02594965386284744, 0.4900684430067879]",39.9373243536,-93.3681420884,NO
444,1.0,40.2,-98.08,0.0315500235878,0.388831874379,"[0.1546654176461052, 0.014373000100916666, 0.408803022624119, 0.4221585596288592]",39.9373243536,-93.3681420884,NO
445,1.0,37.78,-96.78,0.0242710012959,0.344516487691,"[0.026849990323043353, 0.3717449684016618, 0.39185349074476167, 0.20955155053053315]",34.6530993064,-97.7326567148,NO
446,2.75,39.38,-95.18,0.0165342277573,0.830383394224,"[0.3131711018612114, 0.31147076930693474, 0.21682939190514838, 0.15852873692670538]",39.9373243536,-93.3681420884,NO
447,2.0,35.5,-79.18,0.915157520772,0.0428203608982,"[0.04016989414883557, 0.6673774242963957, 0.23406386779916794, 0.05838881375560062]",37.7794743929,-81.4448348693,NO
448,0.75,42.5,-72.0,0.66350994826,0.159989278162,"[0.29236189464744633, 0.21913667947696175, 0.21250662764860626, 0.2759947982269855]",37.7794743929,-81.4448348693,NO
449,1.0,41.08,-102.58,0.0028854135386,0.015101898774,"[0.3267140373992827, 0.13716327880734122, 0.36082571457277657, 0.17529696922059962]",41.9659367689,-103.421060431,NO
450,1.75,35.0,-98.28,0.00133371848409,0.00797861244294,"[0.2647577269969547, 0.3085397127336904, 0.2686749517330012, 0.15802760853635373]",34.6530993064,-97.7326567148,NO
451,1.75,34.5,-97.9,0.000171366968797,0.00096177646994,"[0.18934130890690792, 0.342203842329831, 0.0033252866243449484, 0.4651295621389162]",34.6530993064,-97.7326567148,NO
452,1.5,44.88,-97.18,0.0563864034924,0.421666931978,"[0.12663354712604255, 0.44656215239161495, 0.032519371823442986, 0.3942849286588994]",39.9373243536,-93.3681420884,NO
453,1.75,44.0,-97.5,0.0482066327881,0.414830349122,"[0.14158184260636553, 0.18280028077833468, 0.35302271180435396, 0.3225951648109458]",39.9373243536,-93.3681420884,NO
454,1.75,43.58,-96.68,0.0485613262922,0.51672898093,"[0.08436713179447615, 0.28862794170091205, 0.22868185950336836, 0.3983230670012435]",39.9373243536,-93.3681420884,NO
455,1.0,40.7,-98.18,0.0323586086369,0.381965772144,"[0.8262127620605224, 0.0005000638951482415, 0.10142079183453634, 0.0718663822097929]",39.9373243536,-93.3681420884,NO
456,1.5,39.78,-101.4,0.015540907688,0.0953541658325,"[0.5490535545129797, 0.14270220040547113, 0.13845311536234, 0.16979112971920915]",41.9659367689,-103.421060431,NO
457,1.75,39.7,-99.08,0.0281438822373,0.265015997587,"[0.2599068160006776, 0.27299619288949, 0.18990147710621344, 0.27719551400361897]",41.9659367689,-103.421060431,NO
458,2.0,39.58,-98.28,0.0299237028645,0.344729663897,"[0.24863882558934247, 0.19845988086566657, 0.390075987953291, 0.16282530559169994]",39.9373243536,-93.3681420884,NO
459,1.75,44.38,-100.28,0.0271500773221,0.157281381448,"[0.21762043263135206, 0.12251118978133176, 0.41450894836886165, 0.24535942921845452]",41.9659367689,-103.421060431,NO
460,1.5,33.58,-102.0,0.0295139743457,0.112586927982,"[0.08092952968543839, 0.2198967463468463, 0.45333530430294144, 0.2458384196647738]",34.6530993064,-97.7326567148,NO
461,2.0,40.28,-76.5,0.824485267249,0.0889206129129,"[0.3087527270298607, 0.04025110383273572, 0.20069689294309123, 0.4502992761943123]",37.7794743929,-81.4448348693,NO
462,1.75,40.78,-75.08,0.770163843853,0.113874511883,"[0.3322742626170053, 0.05379713259799157, 0.2598950170556612, 0.3540335877293419]",37.7794743929,-81.4448348693,NO
463,1.5,46.5,-87.58,0.295471525685,0.441362956644,"[0.4210277885540557, 0.1009318072634128, 0.10467609907610828, 0.3733643051064232]",39.9373243536,-93.3681420884,NO
464,1.0,42.58,-71.78,0.657846436806,0.162235751051,"[0.035839750386679366, 0.1725470564066878, 0.26577548189970085, 0.525837711306932]",37.7794743929,-81.4448348693,NO
465,5.0,46.08,-92.9,0.109693896639,0.572990964404,"[0.27905721506666, 0.05753239394805419, 0.29630873966411064, 0.3671016513211751]",39.9373243536,-93.3681420884,NO
466,1.25,45.78,-92.68,0.108581596555,0.591571276784,"[0.08486052970405378, 0.4781819135257894, 0.211993939900034, 0.22496361687012267]",39.9373243536,-93.3681420884,NO
467,0.75,43.7,-96.9,0.0488452701523,0.488179620967,"[0.08076253823609737, 0.43935161378372367, 0.11023284814409136, 0.3696529998360876]",39.9373243536,-93.3681420884,NO
468,1.75,40.78,-99.58,0.025399872031,0.213559326011,"[0.24876270819819354, 0.35135470160614957, 0.2549072301072165, 0.1449753600884406]",41.9659367689,-103.421060431,NO
469,0.75,42.38,-83.5,0.708755594603,0.17676605551,"[0.1821418880174451, 0.3371812281191406, 0.13375488506624073, 0.3469219987971736]",37.7794743929,-81.4448348693,NO
470,1.5,46.5,-110.3,0.0499675942952,0.136632529289,"[0.03543819796641453, 0.22682477534049003, 0.1725740485259602, 0.5651629781671352]",41.9659367689,-103.421060431,NO
471,1.0,47.0,-109.4,0.0480138624489,0.134471710962,"[0.4316193974158591, 0.057105990021147794, 0.09865963519043743, 0.4126149773725557]",41.9659367689,-103.421060431,NO
472,2.0,38.78,-104.9,0.0174369497703,0.0708500372945,"[0.4326672519905923, 0.20626402649223405, 0.1439665684848932, 0.2171021530322805]",41.9659367689,-103.421060431,NO
473,1.0,40.7,-102.58,0.0045000222045,0.0236353137268,"[0.3782322982250704, 0.22514208831776947, 0.2960872471526576, 0.10053836630450258]",41.9659367689,-103.421060431,NO
474,1.0,39.88,-101.08,0.0170123949264,0.10971651225,"[0.10603350587329978, 0.033104406686304606, 0.3419155945429619, 0.5189464928974338]",41.9659367689,-103.421060431,NO
475,0.75,40.58,-102.68,0.00479344981615,0.0248890223294,"[0.07814619399285917, 0.4653122674370602, 0.3310424861614654, 0.12549905240861525]",41.9659367689,-103.421060431,NO
476,1.0,39.78,-105.0,0.0114606456061,0.0468366566086,"[0.030921370062065072, 0.40079758963497175, 0.4196611301264792, 0.14861991017648396]",41.9659367689,-103.421060431,NO
477,1.0,35.88,-99.28,0.0102480068291,0.0636467380641,"[0.44837682609881513, 0.11032413877168964, 0.04119612024468018, 0.40010291488481503]",34.6530993064,-97.7326567148,NO
478,1.75,40.08,-88.4,0.253050429317,0.56976768011,"[0.3205154901848837, 0.2280389945766394, 0.1330438984316095, 0.31840161680686735]",39.9373243536,-93.3681420884,NO
479,1.0,40.2,-96.68,0.0292661858561,0.604556715508,"[0.13364436736925042, 0.3264993288029892, 0.45414323857145134, 0.08571306525630894]",39.9373243536,-93.3681420884,NO
480,3.0,44.58,-93.58,0.0747363660897,0.65832826381,"[0.46422517217236026, 0.030832707158551593, 0.04830205720130902, 0.45664006346777913]",39.9373243536,-93.3681420884,NO
481,1.0,40.78,-98.78,0.0302873021472,0.304443541491,"[0.0994363400018237, 0.20844173076809883, 0.32651555084322054, 0.365606378386857]",41.9659367689,-103.421060431,NO
482,1.75,44.2,-103.08,0.0090899432196,0.0405891292846,"[0.26106058043655583, 0.12737838534156737, 0.09268217049034931, 0.5188788637315275]",41.9659367689,-103.421060431,NO
483,1.5,41.2,-80.18,0.878545426304,0.0668357360387,"[0.5405170089585424, 0.2966022983607024, 0.12631136668855839, 0.03656932599219697]",37.7794743929,-81.4448348693,NO
484,2.75,44.7,-98.5,0.0453597422367,0.306910050048,"[0.12923044594611383, 0.11839658811346246, 0.5807446139097054, 0.17162835203071816]",41.9659367689,-103.421060431,NO
485,1.5,45.7,-97.08,0.0636934287208,0.408335998156,"[0.2613976692759262, 0.05696202073096694, 0.31799640653676536, 0.3636439034563415]",39.9373243536,-93.3681420884,NO
486,1.75,44.0,-95.4,0.055574968527,0.611191978007,"[0.05335278933764061, 0.5473317022697117, 0.10306628782218205, 0.2962492205704656]",39.9373243536,-93.3681420884,NO
487,0.75,40.5,-99.9,0.0233969430475,0.185526034303,"[0.07605024141922008, 0.43543883295431046, 0.3566195775343259, 0.13189134809214367]",41.9659367689,-103.421060431,NO
488,1.75,37.78,-94.4,0.024778703609,0.733174956612,"[0.33336731065517167, 0.14621157174995114, 0.32650811012757336, 0.19391300746730394]",39.9373243536,-93.3681420884,NO
489,3.0,41.58,-98.9,0.0304409924858,0.284281669546,"[0.1864463342217804, 0.2025843978568181, 0.2525112439776082, 0.3584580239437933]",41.9659367689,-103.421060431,NO
490,0.75,40.7,-99.08,0.0286535605088,0.269046751368,"[0.7023989049413898, 0.043556684792250916, 0.02197561155013362, 0.23206879871622565]",41.9659367689,-103.421060431,NO
491,0.75,41.28,-76.9,0.809392904839,0.0976386981371,"[0.2698842109429513, 0.31500125562524156, 0.2258170737165995, 0.1892974597152078]",37.7794743929,-81.4448348693,NO
492,1.75,38.0,-99.0,0.0233650722608,0.19982422971,"[0.4339521596671376, 0.17602153946409038, 0.31947419096120466, 0.07055210990756737]",34.6530993064,-97.7326567148,NO
493,1.75,44.28,-94.0,0.0657826059662,0.668497580184,"[0.15377563846598927, 0.17406311319357867, 0.39140178371748346, 0.2807594646229487]",39.9373243536,-93.3681420884,NO
494,1.5,40.0,-98.08,0.0311308735618,0.383781914513,"[0.26164334442010945, 0.2116351310893558, 0.1649941373083529, 0.36172738718218184]",39.9373243536,-93.3681420884,NO
495,1.0,40.38,-97.0,0.0310746079148,0.555052870619,"[0.24570725840591498, 0.18421342524784654, 0.09917554146382011, 0.4709037748824183]",39.9373243536,-93.3681420884,NO
496,1.0,36.78,-104.5,0.0289270683352,0.114135007721,"[0.08997259973283091, 0.35171350687318936, 0.09217197711542273, 0.4661419162785569]",41.9659367689,-103.421060431,NO
497,1.75,36.58,-93.9,0.0405337153119,0.561257467699,"[0.2962804579355526, 0.31919132359180674, 0.29597398880738796, 0.0885542296652528]",39.9373243536,-93.3681420884,NO
498,1.75,36.2,-94.4,0.0376116026116,0.432434726027,"[0.1573192982739273, 0.37036956618807476, 0.2875576985335887, 0.18475343700440933]",34.6530993064,-97.7326567148,NO
499,0.75,48.7,-106.5,0.0494245614775,0.146793026788,"[0.2891127908375546, 0.17452564283629216, 0.2567941525380235, 0.2795674137881298]",41.9659367689,-103.421060431,NO
500,1.5,45.58,-92.5,0.108414992799,0.603975442006,"[0.16935212128079338, 0.18933720733430345, 0.32684016837326046, 0.3144705030116427]",39.9373243536,-93.3681420884,NO
501,1.0,40.2,-100.08,0.0226810535758,0.174047635713,"[0.23042650913756343, 0.030515884679830466, 0.5014798160211948, 0.2375777901614112]",41.9659367689,-103.421060431,NO
502,3.0,44.5,-87.9,0.282764393325,0.489708763677,"[0.6462677979704443, 0.2776652079080445, 0.01303767574390536, 0.06302931837760599]",39.9373243536,-93.3681420884,NO
503,0.75,39.78,-93.58,0.000622219034685,0.996267807913,"[0.42820271894790124, 0.07778533567712038, 0.26754921267486786, 0.22646273270011066]",39.9373243536,-93.3681420884,NO
504,2.0,36.2,-99.58,0.0138113192263,0.0863353352882,"[0.491288541114333, 0.17107399414228558, 0.2653013726134321, 0.0723360921299493]",34.6530993064,-97.7326567148,NO
505,0.75,43.08,-85.58,0.499588610281,0.325436164076,"[0.5154073764264028, 0.16812439536350038, 0.2408604943809394, 0.07560773382915739]",37.7794743929,-81.4448348693,NO
506,1.0,42.2,-96.78,0.0385347954406,0.563648674586,"[0.1646439907699045, 0.022618658714882636, 0.6958549800810083, 0.1168823704342046]",39.9373243536,-93.3681420884,NO
507,1.0,40.0,-83.0,0.894585790497,0.062592624457,"[0.30666124421871893, 0.3158223167652326, 0.04725144109527076, 0.3302649979207778]",37.7794743929,-81.4448348693,NO
508,0.86,38.78,-104.68,0.0169091987466,0.0700324216754,"[0.4352079007508932, 0.23014303883188422, 0.03168979248883855, 0.3029592679283839]",41.9659367689,-103.421060431,NO
509,2.75,39.2,-96.58,0.0274404470244,0.564072593595,"[0.07273654648943545, 0.339782486521484, 0.28125578095925313, 0.3062251860298274]",39.9373243536,-93.3681420884,NO
510,1.75,39.7,-93.78,0.00173131499817,0.988886989074,"[0.2400314861003993, 0.23061577466851188, 0.30436447515189635, 0.22498826407919237]",39.9373243536,-93.3681420884,NO
511,1.75,40.0,-94.78,0.0109943493866,0.908909094675,"[0.23516051648375436, 0.16736807403732912, 0.2766015234850828, 0.32086988599383354]",39.9373243536,-93.3681420884,NO
512,1.0,37.08,-97.0,0.0185333850197,0.208184112895,"[0.38456551835766384, 0.4304880704765913, 0.007163668059925573, 0.1777827431058194]",34.6530993064,-97.7326567148,NO
513,1.0,41.88,-103.4,1.70813628782e-05,8.05109664318e-05,"[0.141463538039325, 0.06769527624259394, 0.457689326142996, 0.333151859575085]",41.9659367689,-103.421060431,NO
514,2.0,41.38,-102.68,0.00166881957245,0.00859291949258,"[0.0669996799800993, 0.0905218235093765, 0.3777899357274043, 0.46468856078311993]",41.9659367689,-103.421060431,NO
515,1.5,34.2,-103.3,0.0348155513362,0.129129187733,"[0.22666294714636018, 0.23171979064209142, 0.4342103726692006, 0.10740688954234791]",34.6530993064,-97.7326567148,NO
516,1.75,37.28,-97.4,0.0189137995725,0.204061427986,"[0.37083413028837237, 0.09867042671039859, 0.13797309360376572, 0.3925223493974634]",34.6530993064,-97.7326567148,NO
517,1.75,37.78,-96.28,0.0254160431366,0.419283849811,"[0.11541362767938991, 0.14945172650246458, 0.4720870241069825, 0.2630476217111629]",34.6530993064,-97.7326567148,NO
518,2.0,41.28,-98.68,0.0313778843021,0.314696866179,"[0.2660781258032791, 0.29688139098993427, 0.2748646310281625, 0.16217585217862418]",41.9659367689,-103.421060431,NO
519,1.75,41.0,-102.68,0.00286765885284,0.0148454708069,"[0.06931490886611781, 0.23696812263812128, 0.32972565514496927, 0.3639913133507917]",41.9659367689,-103.421060431,NO
520,3.0,40.08,-101.4,0.0139672033636,0.085944518542,"[0.23732986771612305, 0.23024469357993022, 0.3116570850064556, 0.22076835369749115]",41.9659367689,-103.421060431,NO
521,2.0,42.78,-102.68,0.00230131719141,0.0113849013214,"[0.21660876698388637, 0.6380937771051534, 0.02111338504541145, 0.12418407086554877]",41.9659367689,-103.421060431,NO
522,1.75,45.5,-94.58,0.0802371235394,0.564701707484,"[0.09304064379620873, 0.17756840214235775, 0.4855866132281132, 0.2438043408333203]",39.9373243536,-93.3681420884,NO
523,1.5,34.0,-93.78,0.0582457018509,0.278212804272,"[0.22805919307059921, 0.18921651745358137, 0.34704938671979846, 0.23567490275602104]",34.6530993064,-97.7326567148,NO
524,1.0,45.58,-107.4,0.0306539933497,0.097516303093,"[0.23722180961741313, 0.3922878716861782, 0.30389804941705173, 0.06659226927935682]",41.9659367689,-103.421060431,NO
525,1.75,44.0,-104.18,0.00803295822235,0.0330392919792,"[0.34068146108754405, 0.24800943703223685, 0.17263671021988614, 0.23867239166033288]",41.9659367689,-103.421060431,NO
526,2.0,41.28,-96.18,0.0304325815642,0.683406494731,"[0.14543407242527226, 0.34214268058027, 0.16303808047635696, 0.34938516651810075]",39.9373243536,-93.3681420884,NO
527,0.75,41.28,-95.9,0.0284575883526,0.725128703147,"[0.07335017224420474, 0.3569033404914597, 0.15328129319045014, 0.4164651940738855]",39.9373243536,-93.3681420884,NO
528,1.75,42.38,-78.08,0.794481802513,0.10793149949,"[0.24490732877478932, 0.09320559342675325, 0.029238648290297462, 0.6326484295081599]",37.7794743929,-81.4448348693,NO
529,2.0,42.78,-77.28,0.764694105561,0.121602086379,"[0.30816124777235265, 0.41905398551959766, 0.048608204328742154, 0.2241765623793076]",37.7794743929,-81.4448348693,NO
530,1.0,44.78,-117.8,0.0815932296639,0.179353891846,"[0.44697752094057003, 0.19574580464734123, 0.29985912016724164, 0.05741755424484706]",41.9659367689,-103.421060431,NO
531,0.75,35.78,-97.58,0.00455871263548,0.0342473089051,"[0.2550448483137503, 0.14141251753485307, 0.2761684676821456, 0.32737416646925105]",34.6530993064,-97.7326567148,NO
532,1.5,42.58,-97.28,0.0406259514849,0.482950776261,"[0.2945909181620636, 0.35821639440241243, 0.03832268801087801, 0.308869999424646]",39.9373243536,-93.3681420884,NO
533,1.75,39.38,-101.18,0.0187446031325,0.117970715777,"[0.430386961517305, 0.39144661414147164, 0.10575198864892912, 0.07241443569229428]",41.9659367689,-103.421060431,NO
534,2.0,42.2,-97.68,0.0379345005508,0.438722853903,"[0.08181614149766797, 0.20604622852786197, 0.297773266655652, 0.41436436331881815]",39.9373243536,-93.3681420884,NO
535,1.0,48.08,-105.0,0.0424064668658,0.137614381328,"[0.5207921668905846, 0.35141612642525033, 0.04028008681155376, 0.08751161987261125]",41.9659367689,-103.421060431,NO
536,1.0,42.0,-98.28,0.0349400779501,0.360333139023,"[0.26686332016529457, 0.1857005283042594, 0.4457946541117619, 0.10164149741868421]",41.9659367689,-103.421060431,NO
537,0.75,43.0,-87.9,0.286458944245,0.511848465879,"[0.2618517859723251, 0.2882843936527015, 0.1941103047460501, 0.2557535156289234]",39.9373243536,-93.3681420884,NO
538,0.75,42.0,-97.4,0.0376016143838,0.482463170408,"[0.3548706077515424, 0.24387229413723893, 0.3401507680023293, 0.061106330108889384]",39.9373243536,-93.3681420884,NO
539,1.5,41.7,-98.0,0.035240855774,0.40266641445,"[0.20473789286946142, 0.3902752435116213, 0.2419141384489724, 0.1630727251699449]",39.9373243536,-93.3681420884,NO
540,1.0,40.7,-80.0,0.902113159962,0.0535236936182,"[0.1084428238775746, 0.3852804975962943, 0.36405161627798477, 0.14222506224814638]",37.7794743929,-81.4448348693,NO
541,2.0,37.7,-95.68,0.026290749467,0.508806269467,"[0.09764254074915701, 0.023801251282888344, 0.4095184264981008, 0.46903778146985386]",39.9373243536,-93.3681420884,NO
542,2.0,40.58,-102.0,0.00768937322117,0.0434974087003,"[0.38623530123452654, 0.2583583876102236, 0.2878076478725405, 0.06759866328270936]",41.9659367689,-103.421060431,NO
543,0.75,32.58,-83.58,0.696570305107,0.149507013066,"[0.32594278232591406, 0.12549066752107613, 0.3094907107242451, 0.23907583942876467]",37.7794743929,-81.4448348693,NO
544,1.0,46.08,-116.68,0.0789082585412,0.176946510804,"[0.19634435840998543, 0.06824720159479455, 0.4109626850769374, 0.32444575491828254]",41.9659367689,-103.421060431,NO
545,1.75,43.2,-83.4,0.663003301627,0.202706218027,"[0.15705779291819114, 0.07893106276706759, 0.3568594140117885, 0.4071517303029527]",37.7794743929,-81.4448348693,NO
546,1.0,47.28,-114.6,0.0728423833589,0.170640281319,"[0.07617041899589412, 0.012432212175169889, 0.5398332796418068, 0.3715640891871291]",41.9659367689,-103.421060431,NO
547,1.0,48.28,-114.3,0.0747326322454,0.174041015153,"[0.2895420953144771, 0.2294216397607677, 0.21089176247905994, 0.27014450244569516]",41.9659367689,-103.421060431,NO
548,1.75,41.7,-71.4,0.662823884347,0.158941978666,"[0.16066466766822488, 0.16761948374074595, 0.3399590663386763, 0.33175678225235294]",37.7794743929,-81.4448348693,NO
549,1.75,38.0,-101.28,0.0230944280345,0.135247970571,"[0.19506758497071958, 0.35391450046039086, 0.2180992468342114, 0.2329186677346782]",41.9659367689,-103.421060431,NO
550,1.0,43.78,-95.08,0.0533632971281,0.649604536313,"[0.10501111371205377, 0.08703412019360951, 0.44124459750296213, 0.3667101685913747]",39.9373243536,-93.3681420884,NO
551,2.0,44.78,-93.9,0.0751976321897,0.635301430587,"[0.15627283775500742, 0.4163603746094903, 0.29277195534910666, 0.1345948322863956]",39.9373243536,-93.3681420884,NO
552,2.0,43.28,-89.0,0.202592912003,0.594149054509,"[0.2683230250188229, 0.3858786174286781, 0.23485537503997603, 0.11094298251252312]",39.9373243536,-93.3681420884,NO
553,0.75,42.58,-82.78,0.737170514921,0.155658988572,"[0.4225084680024978, 0.07456774127929994, 0.06239338862632217, 0.4405304020918802]",37.7794743929,-81.4448348693,NO
554,2.5,39.7,-101.58,0.0149581944027,0.0893088584737,"[0.32159447342154124, 0.22317897314289087, 0.062115505275221694, 0.39311104816034625]",41.9659367689,-103.421060431,NO
555,1.75,39.7,-77.68,0.87701764278,0.0635074516123,"[0.24485162390889353, 0.10383440169928573, 0.35060570767218685, 0.30070826671963397]",37.7794743929,-81.4448348693,NO
556,1.5,34.7,-92.18,0.0982058913632,0.435946487422,"[0.3245461341095377, 0.39942773582435787, 0.06817566543545651, 0.2078504646306479]",39.9373243536,-93.3681420884,NO
557,1.0,35.5,-97.5,0.00280851204793,0.0200230092172,"[0.10580989353015946, 0.5366123171184176, 0.3396159791653643, 0.017961810186058448]",34.6530993064,-97.7326567148,NO
558,1.0,40.5,-97.58,0.0324946797521,0.465800145995,"[0.3879117802945848, 0.2870570377645942, 0.014965698932171867, 0.3100654830086491]",39.9373243536,-93.3681420884,NO
559,0.75,39.0,-94.4,0.0108014910731,0.907453036491,"[0.3634421904675053, 0.2239882673227291, 0.3198095792556169, 0.0927599629541487]",39.9373243536,-93.3681420884,NO
560,1.0,45.58,-95.58,0.073412672003,0.510940813675,"[0.22642786947483892, 0.1623726699357106, 0.32296226902279745, 0.2882371915666532]",39.9373243536,-93.3681420884,NO
561,2.0,39.28,-103.5,0.0120992957894,0.0566910167287,"[0.306511417263569, 0.11091525603174004, 0.33765626803284843, 0.24491705867184263]",41.9659367689,-103.421060431,NO
562,1.0,40.08,-95.58,0.0202477019448,0.792322667782,"[0.3094695017302189, 0.05256949258396279, 0.34363419072671275, 0.29432681495910545]",39.9373243536,-93.3681420884,NO
563,1.0,40.38,-95.78,0.0229466995515,0.761849491571,"[0.1652310945005873, 0.4674937110960041, 0.1276204994571903, 0.2396546949462182]",39.9373243536,-93.3681420884,NO
564,1.75,39.28,-97.4,0.0294147102745,0.439673815952,"[0.21715276888102564, 0.008254400049530274, 0.4300994469309278, 0.34449338413851627]",39.9373243536,-93.3681420884,NO
565,1.25,39.08,-94.58,0.0118423533135,0.89384663847,"[0.19960055752636838, 0.2964001996949678, 0.1858242424739977, 0.3181750003046662]",39.9373243536,-93.3681420884,NO
566,0.75,43.0,-90.08,0.133490490769,0.683230685454,"[0.24732696399180673, 0.29771068383010824, 0.14751343264596978, 0.3074489195321154]",39.9373243536,-93.3681420884,NO
567,0.75,41.88,-86.4,0.458140112166,0.370246257827,"[0.15814034730500348, 0.2650849870144726, 0.2222269767156603, 0.35454768896486366]",37.7794743929,-81.4448348693,NO
568,1.25,48.78,-105.58,0.0488643882634,0.149784643908,"[0.3629580652288515, 0.3047314540863496, 0.18757286492163788, 0.14473761576316113]",41.9659367689,-103.421060431,NO
569,1.0,38.7,-104.5,0.0170939756405,0.0718182859173,"[0.28663691018263043, 0.18291428895147901, 0.1713780649813008, 0.3590707358845898]",41.9659367689,-103.421060431,NO
570,1.25,41.78,-87.9,0.293173203028,0.520589800881,"[0.38512612048047645, 0.08614846010231066, 0.1029671969897025, 0.4257582224275105]",39.9373243536,-93.3681420884,NO
571,3.0,39.2,-91.9,0.0200209396246,0.923000931427,"[0.2841967356316943, 0.3656861144066602, 0.040144963599289187, 0.3099721863623563]",39.9373243536,-93.3681420884,NO
572,1.75,38.08,-105.08,0.0224502335102,0.0884002451346,"[0.011228472980643635, 0.34053403260819726, 0.4305793690277242, 0.21765812538343482]",41.9659367689,-103.421060431,NO
573,2.0,43.28,-100.68,0.0175385864113,0.106595820116,"[0.014362344997125708, 0.5432311334209087, 0.18960834872506926, 0.25279817285689643]",41.9659367689,-103.421060431,NO
574,1.0,33.78,-102.5,0.0319441307474,0.120421056263,"[0.2737339470578558, 0.18763713363538348, 0.2851230588362776, 0.25350586047048296]",34.6530993064,-97.7326567148,NO
575,1.0,34.38,-103.18,0.0337458703143,0.1277537706,"[0.24112341304365503, 0.42220633838483523, 0.2944057968682755, 0.04226445170323418]",34.6530993064,-97.7326567148,NO
576,2.75,31.6,-97.18,0.0278213507865,0.0950452475242,"[0.37248683693951673, 0.10889242770127253, 0.16443712853262368, 0.354183606826587]",34.6530993064,-97.7326567148,NO
577,2.5,38.08,-95.4,0.0248978329522,0.630054852781,"[0.1882618610219896, 0.42529800992722244, 0.2204720609022866, 0.1659680681485013]",39.9373243536,-93.3681420884,NO
578,0.75,40.7,-85.68,0.593063899197,0.26975534685,"[0.3681339161604484, 0.012960782359428734, 0.28784885051217146, 0.3310564509679515]",37.7794743929,-81.4448348693,NO
579,1.5,34.7,-92.0,0.104388533567,0.442390629898,"[0.1761257885166436, 0.014115799066045036, 0.5184291742447071, 0.29132923817260414]",39.9373243536,-93.3681420884,NO
580,1.0,38.78,-96.78,0.027497220526,0.486462734145,"[0.2973830400067715, 0.16796014080060825, 0.2854280182429442, 0.24922880094967614]",39.9373243536,-93.3681420884,NO
581,1.75,37.7,-76.78,0.865620724835,0.067147093001,"[0.14355236449000972, 0.4331077102308557, 0.2885599867036558, 0.13477993857547874]",37.7794743929,-81.4448348693,NO
582,1.75,42.88,-97.4,0.0419705241889,0.458255777327,"[0.2036684022092551, 0.3586485234406576, 0.2935415117730374, 0.14414156257704994]",39.9373243536,-93.3681420884,NO
583,4.5,40.78,-80.28,0.901154379977,0.0544511745261,"[0.34581006237882733, 0.3092479648878315, 0.03909150826528274, 0.3058504644680583]",37.7794743929,-81.4448348693,NO
584,0.75,34.0,-80.28,0.866765079992,0.0662732522305,"[0.2915709206354991, 0.03832829750152303, 0.44088740018131584, 0.22921338168166203]",37.7794743929,-81.4448348693,NO
585,1.0,46.38,-109.8,0.0469285248401,0.131217862036,"[0.12264939848632807, 0.36969429225109307, 0.20738343679487115, 0.30027287246770773]",41.9659367689,-103.421060431,NO
